Date,EMA_12,EMA_26,MACD,Signal,RSI
2023-05-01,6.4829131124129e-05,5.192025720240525e-05,1.2908873921723744e-05,5.908609540451304e-06,78.55846922376195
2023-05-02,8.811081389045923e-05,6.408616919521045e-05,2.4024644695248777e-05,9.5318165714108e-06,85.75539419546493
2023-05-03,0.00010594581046614336,7.445299307944716e-05,3.14928173866962e-05,1.392401673446788e-05,81.85544772305232
2023-05-04,0.0001200725561108322,8.358756078886745e-05,3.648499532196475e-05,1.8436212451967258e-05,79.16813939587384
2023-05-05,0.00015567969317445022,0.0001034343301396439,5.224536303480633e-05,2.5198042568535073e-05,86.54399814329534
2023-05-06,0.00023480707390280658,0.00014540272552994926,8.940434837285732e-05,3.803930372939952e-05,94.9365577861383
2023-05-07,0.00027184088679877707,0.0001698563649519245,0.00010198452184685257,5.082834735289013e-05,73.94045549265222
2023-05-08,0.0003085696084988674,0.0001950949733146978,0.0001134746351841696,6.335760491914603e-05,74.81140096158418
2023-05-09,0.00031503023089632777,0.00020661117189008018,0.0001084190590062476,7.236989573656635e-05,63.86029459715967
2023-05-10,0.0003221052372011304,0.00021804869781507757,0.00010405653938605285,7.870722446646366e-05,64.6455303860605
2023-05-11,0.0003257829959344344,0.00022752736234489453,9.825563358953988e-05,8.261690629107891e-05,64.15292913899505
2023-05-12,0.0003145516780523695,0.0002293978858527551,8.51537921996144e-05,8.3124283472786e-05,58.738318732389665
2023-05-13,0.0003139482696525013,0.00023541504419353075,7.853322545897057e-05,8.220607187002292e-05,60.35612259335971
2023-05-14,0.00031779642913146524,0.00024308513768036305,7.47112914511022e-05,8.070711578623878e-05,60.462715300678184
2023-05-15,0.00031868398218601584,0.00024904664777708013,6.963733440893571e-05,7.849315951077817e-05,58.12938180630294
2023-05-16,0.000317673903542227,0.0002537186346825845,6.395526885964254e-05,7.558558138055106e-05,54.31509912860698
2023-05-17,0.00031509283162646983,0.00025721332367571194,5.787950795075789e-05,7.204436669459242e-05,54.359110981532694
2023-05-18,0.0003103168165186278,0.00025920113180532563,5.1115684713302185e-05,6.785863029833437e-05,53.8463514307052
2023-05-19,0.0003066394278236542,0.00026121688426428667,4.542254355936753e-05,6.3371412950541e-05,46.644707944288925
2023-05-20,0.00030183545814268473,0.0002622684946815508,3.956696346113395e-05,5.86105230526596e-05,20.22819670189675
2023-05-21,0.0003031406252943372,0.0002658277946776156,3.731283061672163e-05,5.435098456547201e-05,33.58174069381435
2023-05-22,0.0003009647642953649,0.00026754407127934905,3.342069301601587e-05,5.016492625558078e-05,27.36174675536313
2023-05-23,0.00029712687265571596,0.0002681718044170007,2.895506823871524e-05,4.592295465220768e-05,39.112981463855135
2023-05-24,0.0002959153151864335,0.0002697332818013251,2.61820333851084e-05,4.197477039878783e-05,39.60326441597437
2023-05-25,0.0002904211826137209,0.0002690273685911382,2.139381402258266e-05,3.78585791235468e-05,38.055072928867986
2023-05-26,0.0002854818219916941,0.0002682338848859092,1.7247937105784863e-05,3.373645071999442e-05,51.03345370731036
2023-05-27,0.000282015084623119,0.00026784234001257936,1.4172744610539635e-05,2.9823709498103462e-05,38.89154114574196
2023-05-28,0.00028083602966463036,0.0002683244798185322,1.2511549846098166e-05,2.6361277567702405e-05,33.65868664284268
2023-05-29,0.00027920021222893046,0.00026846364548623947,1.0736566742690985e-05,2.323633540270012e-05,35.68926999571649
2023-05-30,0.0002760635330532681,0.0002677486937900088,8.3148392632593e-06,2.0252036174811958e-05,35.699922865357024
2023-05-31,0.0002695086427469215,0.0002652085495138612,4.30009323306032e-06,1.7061647586461633e-05,33.1836314315037
2023-06-01,0.0002630703749824173,0.0002624271682371044,6.432067453129137e-07,1.377795941823189e-05,35.11917718641136
2023-06-02,0.00025709934699636507,0.0002595998737805098,-2.5005267841447408e-06,1.0522262177756564e-05,33.68669234908121
2023-06-03,0.00025306852229350164,0.00025747388212475,-4.405359831248371e-06,7.536737775955577e-06,38.04298230318951
2023-06-04,0.0002499908860990011,0.000255665734339898,-5.674848240896902e-06,4.894420572585082e-06,24.819686588588056
2023-06-05,0.00024593350948030765,0.00025329182350564583,-7.358314025338183e-06,2.443873653000429e-06,26.9022934740035
2023-06-06,0.00023696020466776216,0.00024842628311254333,-1.1466078444781177e-05,-3.381167665558923e-07,23.137047048665565
2023-06-07,0.00023376536778117315,0.0002460386891712389,-1.2273321390065774e-05,-2.7251576912578687e-06,29.696372372134093
2023-06-08,0.00022757702780167998,0.0002421499831522188,-1.4572955350538827e-05,-5.094717223114061e-06,30.79094943868553
2023-06-09,0.0002225703278765257,0.00023865987168080832,-1.608954380428261e-05,-7.293682539347772e-06,31.723348532245026
2023-06-10,0.0002197561825652236,0.0002361130947676419,-1.6356912202418315e-05,-9.10632847196188e-06,33.49513072608981
2023-06-11,0.00021178051797580107,0.0002310613368392223,-1.9280818863421235e-05,-1.1141226550253753e-05,23.744598587059414
2023-06-12,0.0002045581755506399,0.00022615570390389128,-2.1597528353251385e-05,-1.3232486910853279e-05,23.870482819520333
2023-06-13,0.00019818015974989024,0.00022148499049217838,-2.3304830742288144e-05,-1.5246955677140254e-05,25.07131195077524
2023-06-14,0.00019308875638947027,0.00021730729030069556,-2.4218533911225294e-05,-1.7041271323957264e-05,29.723863060712645
2023-06-15,0.00018798716400397783,0.00021305700256610843,-2.506983856213061e-05,-1.8646984771591933e-05,29.836984472993493
2023-06-16,0.0001838640243475625,0.0002092147620973062,-2.5350737749743694e-05,-1.9987735367222285e-05,30.98144866608041
2023-06-17,0.0001823665559400069,0.00020661592636405767,-2.4249370424050785e-05,-2.0840062378587986e-05,33.50906213860358
2023-06-18,0.00018203110613663722,0.00020465816383472777,-2.2627057698090553e-05,-2.11974614424885e-05,34.97885466893257
2023-06-19,0.00017992719299445825,0.0002019690902701164,-2.204189727565814e-05,-2.136634860912243e-05,34.511312139711904
2023-06-20,0.00017836868004611798,0.0001995859620153112,-2.1217281969193217e-05,-2.133653528113659e-05,43.80842559386153
2023-06-21,0.00018044799452037835,0.00019901546291260742,-1.856746839222907e-05,-2.0782721903355086e-05,41.14899742934111
2023-06-22,0.00019091330923592942,0.00020267895011696687,-1.1765640881037455e-05,-1.897930569889156e-05,66.03721818320425
2023-06-23,0.00020439305495559623,0.0002082976691019148,-3.904614146318567e-06,-1.5964367388376962e-05,70.89240898283933
2023-06-24,0.00021830317176995838,0.00021470590207576926,3.5972696941891135e-06,-1.2052039971863748e-05,71.88192223620622
2023-06-25,0.00022765954625933948,0.00021947728754800379,8.18225871133569e-06,-8.005180235223861e-06,79.86395013303766
2023-06-26,0.00023723285413696063,0.00022469275124547587,1.254010289148476e-05,-3.896123609882137e-06,82.25055597370799
2023-06-27,0.00024287394114851676,0.0002283377266874462,1.4536214461070563e-05,-2.096559956915965e-07,76.6182512922119
2023-06-28,0.0002504127998649814,0.00023304430417767517,1.736849568730625e-05,3.3059743409079734e-06,78.28662936204225
2023-06-29,0.0002513797217013509,0.0002347964143720239,1.6583307329327e-05,5.961440938591779e-06,69.03871463940534
2023-06-30,0.0002556253238125524,0.0002380689863018118,1.7556337510740607e-05,8.280420253021546e-06,71.4039192779564
2023-07-01,0.00026206239025676514,0.00024246878403500613,1.9593606221759004e-05,1.0543057446769039e-05,71.96894414505107
2023-07-02,0.0002648530937451923,0.0002452638343236384,1.9589259421553878e-05,1.2352297841726007e-05,67.13107475975667
2023-07-03,0.00026802580571216883,0.00024824249263526074,1.978331307690809e-05,1.3838500888762425e-05,70.52168775041143
2023-07-04,0.0002774377076947994,0.0002542395797437057,2.319812795109372e-05,1.5710426301228686e-05,74.32621717212268
2023-07-05,0.0002823385298462786,0.00025831761470190633,2.402091514437226e-05,1.73725240698574e-05,68.03704634896219
2023-07-06,0.0002847993044176077,0.0002612817591358331,2.3517545281774566e-05,1.8601528312240835e-05,58.90894215580968
2023-07-07,0.0002840980048089558,0.00026268613675253956,2.1411868056416233e-05,1.9163596261075913e-05,50.31903480791088
2023-07-08,0.0002836776970449628,0.0002640698306481293,1.96078663968335e-05,1.9252450288227432e-05,47.34035930297725
2023-07-09,0.0002829995554336855,0.0002651957525683908,1.7803802865294692e-05,1.8962720803640885e-05,50.031399952694805
2023-07-10,0.000282337931474244,0.00026619599309645934,1.6141938377784663e-05,1.839856431846964e-05,47.556665083869376
2023-07-11,0.0002808991172197485,0.00026669892981672335,1.4200187403025138e-05,1.7558888935380743e-05,49.79093274255692
2023-07-12,0.00027937518130397064,0.00026701704862786924,1.2358132676101407e-05,1.6518737683524874e-05,44.84809819500672
2023-07-13,0.0002781946962215146,0.0002673640841567682,1.0830612064746355e-05,1.538111255976917e-05,54.46017348059268
2023-07-14,0.00028262700687052447,0.0002703004272147913,1.2326579655733193e-05,1.4770205978961976e-05,57.73301488665423
2023-07-15,0.00028442436624956483,0.000272078902445865,1.234546380369985e-05,1.4285257543909552e-05,49.100385853187824
2023-07-16,0.00028619697717366046,0.0002738468605799629,1.235011659369759e-05,1.389822935386716e-05,54.92616125427594
2023-07-17,0.00028585864005287875,0.0002745987809731937,1.1259859079685056e-05,1.3370555299030739e-05,49.556118102781056
2023-07-18,0.000285575806056121,0.00027529666527695366,1.0279140779167323e-05,1.2752272395058057e-05,31.59905712648846
2023-07-19,0.0002837138112342354,0.0002751615670870952,8.552244147140163e-06,1.191226674547448e-05,34.20774936663659
2023-07-20,0.0002825095046009623,0.00027521521531160376,7.294289289358556e-06,1.0988671254251296e-05,39.29675575930402
2023-07-21,0.00028078919879758,0.0002749272376499277,5.861961147652316e-06,9.963329232931502e-06,45.120246028382304
2023-07-22,0.0002798444948391691,0.0002749065995327411,4.937895306428004e-06,8.958242447630804e-06,46.40880724886099
2023-07-23,0.00027791461986562187,0.00027434317049410194,3.5714493715199316e-06,7.88088383240863e-06,43.941218483842704
2023-07-24,0.0002768958180806496,0.0002741171881066353,2.7786299740142992e-06,6.860433060729764e-06,46.37639392782465
2023-07-25,0.0002716175991883428,0.0002717816478973034,-1.6404870896061892e-07,5.455536706791688e-06,37.859237429018116
2023-07-26,0.00026612278106486663,0.00026912384297052153,-3.001061905654899e-06,3.7642169843023714e-06,36.49101313884768
2023-07-27,0.0002621506379401697,0.00026698902873228557,-4.838390792115854e-06,2.043695429018726e-06,38.247330366062926
2023-07-28,0.0002590620468822087,0.00026514353001607353,-6.081483133864849e-06,4.186597164420109e-07,17.55034831705798
2023-07-29,0.0002563657071363772,0.00026339481212853507,-7.029104992157848e-06,-1.0708932252779607e-06,19.977672089358535
2023-07-30,0.0002544125495013017,0.00026193372845296847,-7.52117895166677e-06,-2.3609503705557227e-06,20.428395945667603
2023-07-31,0.000251195699826426,0.000259827750539016,-8.632050712590006e-06,-3.6151704389625795e-06,20.848578520017227
2023-08-01,0.00024681434886627163,0.000257078800023935,-1.0264451157663375e-05,-4.9450265827027385e-06,18.520886143284343
2023-08-02,0.00024409049523489913,0.0002550069852267806,-1.0916489991881463e-05,-6.139319264538484e-06,26.204002820157797
2023-08-03,0.00024020446070283473,0.0002523273026749065,-1.2122841972071779e-05,-7.336023806045143e-06,21.777931596684837
2023-08-04,0.0002364813848243293,0.0002496367222910282,-1.3155337466698918e-05,-8.4998865381759e-06,22.15748333606973
2023-08-05,0.00023209659286949503,0.00024655105672264884,-1.4454463853153811e-05,-9.690802001171483e-06,17.964238268111203
2023-08-06,0.00022836997910107856,0.00024368606017836285,-1.531608107728429e-05,-1.0815857816394046e-05,19.30799856880799
2023-08-07,0.00022529261731110676,0.00024106984294042943,-1.5777225629322675e-05,-1.1808131378979772e-05,16.282613801048996
2023-08-08,0.00022151625248723546,0.0002380829098304675,-1.6566657343232042e-05,-1.2759836571830226e-05,21.035639591027646
2023-08-09,0.0002199891912374855,0.00023612049831442256,-1.613130707693705e-05,-1.3434130672851592e-05,34.086931548678464
2023-08-10,0.00022035571604625014,0.0002351020615870176,-1.4746345540767465e-05,-1.3696573646434767e-05,39.16681440489582
2023-08-11,0.00022055770273503008,0.00023410699254526222,-1.3549289810232143e-05,-1.3667116879194243e-05,37.511125347973454
2023-08-12,0.0002211437398198298,0.00023338550745200044,-1.2241767632170631e-05,-1.338204702978952e-05,39.76296025779191
2023-08-13,0.00022442820675210007,0.00023406011985404386,-9.63191310194379e-06,-1.2632020244220375e-05,49.41040131013223
2023-08-14,0.00022777990606126118,0.0002349604259583108,-7.180519897049615e-06,-1.1541720174786224e-05,56.804539278228155
2023-08-15,0.0002317722162740687,0.00023635075903136258,-4.578542757293871e-06,-1.0149084691287754e-05,67.20419339454237
2023-08-16,0.00023121872094807516,0.00023574510996645504,-4.5263890183798775e-06,-9.024545556706178e-06,49.5723490012271
2023-08-17,0.00022795295794746456,0.0002338374174833181,-5.884459535853543e-06,-8.396528352535651e-06,46.22867643013626
2023-08-18,0.00022278892537226096,0.00023091514553704573,-8.12622016478477e-06,-8.342466714985475e-06,41.684088880415594
2023-08-19,0.00021871101470035529,0.00022834976483095893,-9.638750130603647e-06,-8.60172339810911e-06,45.27744485243254
2023-08-20,0.0002164950945086961,0.00022656885880307834,-1.0073764294382242e-05,-8.896131577363736e-06,48.64683756683545
2023-08-21,0.00021447022345126663,0.00022484771612399138,-1.0377492672724746e-05,-9.192403796435939e-06,48.09688116182788
2023-08-22,0.00021163086748915715,0.00022271191564795904,-1.1081048158801895e-05,-9.570132668909131e-06,48.20691388582735
2023-08-23,0.00020864472033383256,0.00022045332270955817,-1.1808602375725614e-05,-1.001782661027243e-05,42.24577733513896
2023-08-24,0.0002070634380649474,0.00021881725329300417,-1.175381522805678e-05,-1.03650243338293e-05,40.019477904367896
2023-08-25,0.00020138148843528122,0.0002152108467877533,-1.3829358352472078e-05,-1.1057891137557856e-05,32.56416973136682
2023-08-26,0.0001948844356121895,0.00021105823925422973,-1.6173803642040226e-05,-1.208107363845433e-05,29.107355199544315
2023-08-27,0.000188914326686143,0.00020698568283487103,-1.8071356148728033e-05,-1.327913014050907e-05,19.361254946389806
2023-08-28,0.00018461793138147987,0.00020357842908457188,-1.8960497703092005e-05,-1.4415403653025657e-05,20.03465194140375
2023-08-29,0.0001799814154739505,0.00019994155122516206,-1.996013575121156e-05,-1.5524350072662836e-05,14.855029922967518
2023-08-30,0.00017713231082750012,0.00019709123152492953,-1.9958920697429417e-05,-1.6411264197616152e-05,22.798519506196683
2023-08-31,0.00017390874022142245,0.00019406070340367515,-2.0151963182252696e-05,-1.7159403994543463e-05,25.47886026570869
2023-09-01,0.0001694157272396858,0.00019040466284341284,-2.098893560372703e-05,-1.792531031638018e-05,26.47526382422302
2023-09-02,0.000164926383679046,0.00018668839108431019,-2.1762007405264186e-05,-1.8692649734156983e-05,24.092831193985205
2023-09-03,0.00016125886863054182,0.0001833105499568627,-2.2051681326320865e-05,-1.936445605258976e-05,18.702167087429117
2023-09-04,0.00015879267435981326,0.00018048966520974738,-2.1696990849934115e-05,-1.983096301205863e-05,22.10906910619005
2023-09-05,0.00015651737201397004,0.00017778696475804996,-2.1269592744079923e-05,-2.011868895846289e-05,23.482816183738194
2023-09-06,0.00015460377852961448,0.00017529007954379878,-2.0686301014184293e-05,-2.0232211369607173e-05,24.48842685471054
2023-09-07,0.00015291284697676306,0.0001729436087210048,-2.003076174424175e-05,-2.0191921444534088e-05,19.12638292321691
2023-09-08,0.0001516753223963079,0.0001708640034234344,-1.918868102712649e-05,-1.999127336105257e-05,29.526665143947028
2023-09-09,0.00015043753700749566,0.0001688466489008858,-1.8409111893390135e-05,-1.9674841067520085e-05,35.06269177159439
2023-09-10,0.00014905833082708573,0.00016681894874784472,-1.7760617920758987e-05,-1.9291996438167867e-05,35.69121035290367
2023-09-11,0.00014569322592111161,0.0001638831117249121,-1.818988580380048e-05,-1.907157431129439e-05,22.02566738190845
2023-09-12,0.00014179815682945667,0.00016066030913975966,-1.8862152310302984e-05,-1.902968991109611e-05,21.9158678698127
2023-09-13,0.000138614586240778,0.00015773028238889194,-1.911569614811395e-05,-1.904689115849968e-05,12.95313957773881
2023-09-14,0.00013602423703293353,0.00015506709972229173,-1.9042862689358194e-05,-1.9046085464671385e-05,15.499630538373879
2023-09-15,0.00013399687095504972,0.000152680378078173,-1.8683507123123277e-05,-1.8973569796361762e-05,22.297691189562755
2023-09-16,0.00013234347259336536,0.00015050033389490844,-1.8156861301543074e-05,-1.8810228097398026e-05,25.99974517377072
2023-09-17,0.00013071317927062763,0.0001483704251616241,-1.7657245890996472e-05,-1.8579631656117717e-05,23.164494747542008
2023-09-18,0.0001280409495588289,0.00014577585190105462,-1.7734902342225723e-05,-1.841068579333932e-05,10.438550823457447
2023-09-19,0.00012574101637022604,0.0001433547801923032,-1.7613763822077157e-05,-1.825130139908689e-05,10.696852887956325
2023-09-20,0.00012416285681837844,0.0001412902023471857,-1.7127345528807254e-05,-1.8026510225030964e-05,15.663328859278081
2023-09-21,0.00012242343204851833,0.00013918400927067474,-1.6760577222156407e-05,-1.777332362445605e-05,14.890870956783388
2023-09-22,0.00012052741650338687,0.00013702958865841465,-1.650217215502778e-05,-1.7519093330570397e-05,11.624481709867524
2023-09-23,0.00012180079653501329,0.00013642031443993643,-1.4619517904923147e-05,-1.6939178245440948e-05,38.190307885162284
2023-09-24,0.0001217930102563112,0.0001353336382387152,-1.3540627982404002e-05,-1.625946819283356e-05,35.426318843645845
2023-09-25,0.00012171559611706581,0.00013429335528408566,-1.2577759167019855e-05,-1.552312638767082e-05,44.5248990126067
2023-09-26,0.00012270964135825227,0.00013384028379524805,-1.1130642436995783e-05,-1.4644629597535814e-05,57.23512584376343
2023-09-27,0.00012309635181974437,0.0001332019856887816,-1.0105633869037227e-05,-1.3736830451836098e-05,53.667972259120134
2023-09-28,0.000124522132445189,0.00013313990718480774,-8.617774739618747e-06,-1.2713019309392628e-05,58.45479945693611
2023-09-29,0.00012567517412459038,0.0001330567217163996,-7.381547591809234e-06,-1.1646724965875951e-05,57.40933487891653
2023-09-30,0.000128341397459703,0.00013379367757465318,-5.452280114950171e-06,-1.0407835995690797e-05,63.630288868832324
2023-10-01,0.00013078693713589837,0.00013456728703986205,-3.7803499039636807e-06,-9.082338777345373e-06,65.57560140079909
2023-10-02,0.00013320402402534182,0.00013545104369744863,-2.247019672106806e-06,-7.715274956297659e-06,75.09536176101395
2023-10-03,0.000133381022969395,0.00013536981950961448,-1.9887965402194663e-06,-6.569979273082021e-06,63.63933404791001
2023-10-04,0.0001329891962570648,0.00013503384394143923,-2.0446476843744314e-06,-5.664912955340503e-06,59.706516914080936
2023-10-05,0.00013238807689505477,0.0001345929607164437,-2.20488382138894e-06,-4.972907128550191e-06,60.37392203172006
2023-10-06,0.00013149447638886413,0.00013399938389336012,-2.5049075044959908e-06,-4.479307203739352e-06,60.57144534906138
2023-10-07,0.00013132325436739268,0.00013373139495676307,-2.408140589370381e-06,-4.065073880865558e-06,51.250825115569945
2023-10-08,0.00013074668099030478,0.0001332754047685822,-2.528723778277424e-06,-3.7578038603479313e-06,54.95385451168551
2023-10-09,0.00013051961238353567,0.00013297876256693208,-2.459150183396411e-06,-3.4980731249576274e-06,56.64734145268191
2023-10-10,0.00012894433179464398,0.0001320381348623993,-3.0938030677553265e-06,-3.4172191135171673e-06,43.64553402362528
2023-10-11,0.00012699973728663486,0.00013087267802019083,-3.872940733555975e-06,-3.5083634375249287e-06,42.93912899152345
2023-10-12,0.00012513148104078016,0.00012968626273636777,-4.554781695587611e-06,-3.7176470891374656e-06,34.76629057271933
2023-10-13,0.0001232079977916644,0.0001284227499352685,-5.214752143604094e-06,-4.017068100030791e-06,33.66478973550926
2023-10-14,0.00012225644079749424,0.00012757831492743812,-5.321874129943883e-06,-4.27802930601341e-06,25.371667028904668
2023-10-15,0.00012133794216749973,0.0001267418619478153,-5.403919780315567e-06,-4.503207400873842e-06,23.254793551933005
2023-10-16,0.00012110211167617538,0.0001262280235793765,-5.1259119032011195e-06,-4.627748301339297e-06,25.05930348993344
2023-10-17,0.00012118600869456449,0.00012588872126206746,-4.702712567502965e-06,-4.642741154572031e-06,35.29674318209378
2023-10-18,0.00012014589483117886,0.00012503957661914083,-4.8936817879619655e-06,-4.692929281250018e-06,32.51158577346858
2023-10-19,0.00011921994518295303,0.00012423125406347936,-5.011308880526323e-06,-4.7566052011052795e-06,33.55158598388964
2023-10-20,0.00011827979698379,0.00012340738205051004,-5.12758506672004e-06,-4.830801174228232e-06,34.68382786407122
2023-10-21,0.00011820761356289385,0.00012299280595402522,-4.7851923911313625e-06,-4.821679417608858e-06,35.99344108465081
2023-10-22,0.00011937924953854958,0.00012320246828370157,-3.8232187451519905e-06,-4.621987283117485e-06,48.25058155779546
2023-10-23,0.00012173125267307255,0.000124051712848831,-2.3204601757584656e-06,-4.161681861645681e-06,54.71472844502395
2023-10-24,0.0001301404874735372,0.0001279287177397393,2.2117697337978965e-06,-2.8869915425569653e-06,81.18518976845004
2023-10-25,0.000135694254375758,0.00013076658845071954,4.927665925038476e-06,-1.3240600490378774e-06,75.9702970085773
2023-10-26,0.0001483534940501934,0.00013722679021433944,1.1126703835853967e-05,1.1660927279404915e-06,85.21232765714643
2023-10-27,0.0001610092286575831,0.00014414449234647923,1.6864736311103865e-05,4.305821444573167e-06,87.6138312370332
2023-10-28,0.00016847679849596892,0.0001489892286620801,1.9487569833888813e-05,7.342171122436296e-06,76.66240938094742
2023-10-29,0.0001742341964706407,0.00015320483285980274,2.1029363610837963e-05,1.0079609620116631e-05,75.39710707283326
2023-10-30,0.00017908015452579467,0.00015709580256123524,2.1984351964559424e-05,1.2460558089005191e-05,74.82415748821528
2023-10-31,0.00018403186127678164,0.0001611084281794556,2.292343309732604e-05,1.4553133090669363e-05,75.3498423686238
2023-11-01,0.00018753334451052821,0.00016449235959550588,2.304098491502234e-05,1.625070345553996e-05,76.53948883613013
2023-11-02,0.00019140236522286274,0.00016806196104329822,2.3340404179564522e-05,1.7668643600344874e-05,77.43591324778745
2023-11-03,0.00019211970804843085,0.00017013626715779874,2.1983440890632104e-05,1.853160305840232e-05,71.24816819793794
2023-11-04,0.00019247702915017753,0.00017193671368016802,2.0540315470009507e-05,1.8933345540723757e-05,69.94278550104887
2023-11-05,0.00019382268058872867,0.00017410612477798963,1.971655581073904e-05,1.9089987594726813e-05,69.74893467963227
2023-11-06,0.00019510511346055415,0.00017618407807262702,1.892103538792713e-05,1.9056197153366876e-05,68.44139541829097
2023-11-07,0.00019811565735806196,0.00017903515738534762,1.908049997271434e-05,1.9061057717236368e-05,62.44716025198794
2023-11-08,0.00019991485486664648,0.0001813148080356079,1.8600046831038577e-05,1.896885553999681e-05,64.6710377504092
2023-11-09,0.0002022343085950989,0.00018380936329975454,1.8424945295344373e-05,1.8860073491066323e-05,48.53432676214473
2023-11-10,0.00020853069161436345,0.000188205765886463,2.0324925727900454e-05,1.915304393843315e-05,55.33985568853894
2023-11-11,0.00021323612894676844,0.00019197689687820615,2.125923206856229e-05,1.957428156445898e-05,64.71853554166228
2023-11-12,0.0002158224625828712,0.0001947969265599269,2.1025536022944302e-05,1.9864532456156048e-05,61.40496334004976
2023-11-13,0.00021665771627058552,0.00019675653285571116,1.9901183414874364e-05,1.9871862647899714e-05,56.77717313287528
2023-11-14,0.0002159104997591481,0.000197870923677232,1.8039576081916106e-05,1.9505405334702994e-05,50.225724760061446
2023-11-15,0.00021458037326343017,0.00019856675729647272,1.601361596695745e-05,1.8807047461153888e-05,50.19970053562557
2023-11-16,0.00021637022102880714,0.00020061472962550292,1.5755491403304225e-05,1.8196736249583957e-05,55.14421061787491
2023-11-17,0.00021471397494586428,0.00020098435124507147,1.3729623700792812e-05,1.730331373982573e-05,53.51951564545332
2023-11-18,0.0002134952453614748,0.000201414564682276,1.2080680679198803e-05,1.6258787127700346e-05,54.57106722965585
2023-11-19,0.00021249032205612864,0.00020182557795593887,1.0664744100189768e-05,1.5139978522198232e-05,52.23364914527144
2023-11-20,0.00021278384666522092,0.0002027568856640344,1.0026961001186535e-05,1.4117375017995894e-05,54.53397780198755
2023-11-21,0.00021149610338335673,0.00020287959897285435,8.61650441050238e-06,1.3017200896497193e-05,46.126716272136086
2023-11-22,0.0002078253686584509,0.00020175046776534433,6.074900893106571e-06,1.1628740895819069e-05,42.31993312837882
2023-11-23,0.00020658482609883447,0.00020160316215464804,4.981663944186426e-06,1.029932550549254e-05,44.96733415724805
2023-11-24,0.000204492768540786,0.00020096488732626814,3.527881214517855e-06,8.945036647297603e-06,30.689103776428524
2023-11-25,0.00020374968153302506,0.0002008684292273105,2.8812523057145578e-06,7.732279778980994e-06,35.11683612114555
2023-11-26,0.0002050275699525574,0.00020169713493343457,3.3304350191228397e-06,6.851910827009363e-06,43.37911070831486
2023-11-27,0.00020439435615923448,0.00020163895310843633,2.7554030507981504e-06,6.032609271767121e-06,42.642008642712504
2023-11-28,0.00020292635450120912,0.00020113624142500177,1.790113076207355e-06,5.184110032655168e-06,43.71464984888476
2023-11-29,0.00020196855475692566,0.00020080767955376954,1.1608752031561185e-06,4.379463066755358e-06,46.00263503149531
2023-11-30,0.0002001701183035224,0.00020002775646162397,1.42361841898417e-07,3.53204282178397e-06,34.977927270449385
2023-12-01,0.0001994482428860922,0.00019969073213781672,-2.4248925172451713e-07,2.777136407082273e-06,45.140695209570524
2023-12-02,0.00019936501246734206,0.00019963269606569818,-2.6768359835611976e-07,2.1681724059945946e-06,46.296065555546285
2023-12-03,0.0002009511258365572,0.0002003765518658124,5.745739707448052e-07,1.8494527189446366e-06,51.15839479187738
2023-12-04,0.00020335770644386482,0.00020157783689679344,1.7798695470713755e-06,1.8355360845699844e-06,50.94217397681573
2023-12-05,0.00021056599402914338,0.0002051803360709699,5.385657958173489e-06,2.5455604592906853e-06,66.33844118312088
2023-12-06,0.00022281501511060603,0.0002114769505145018,1.1338064596104242e-05,4.3040612866533965e-06,81.38909983559321
2023-12-07,0.0002298090303749759,0.00021568429598224317,1.4124734392732732e-05,6.268195907869264e-06,69.78658007520097
2023-12-08,0.0002365640704415392,0.00021998299930264272,1.6581071138896473e-05,8.330770954074706e-06,73.4956511777309
2023-12-09,0.00024375081266925455,0.00022467151008923874,1.907930258001581e-05,1.0480477279262927e-05,73.93336412622678
2023-12-10,0.00024866005780440725,0.00022844850238246158,2.0211555421945673e-05,1.2426692907799476e-05,68.71757123885969
2023-12-11,0.0002548382449533375,0.00023292033733727586,2.1917907616061667e-05,1.4324935849451916e-05,75.56611109801753
2023-12-12,0.0002548560580643861,0.00023455246273267419,2.0303595331711932e-05,1.552066774590392e-05,65.04610501097352
2023-12-13,0.00025434810681433147,0.00023581186363684877,1.8536243177482694e-05,1.6123782832219676e-05,63.626465227860585
2023-12-14,0.0002542624253993793,0.00023714366467242606,1.711876072695324e-05,1.632277841116639e-05,66.11244879339982
2023-12-15,0.00025528505764964293,0.00023890409951343838,1.6380958136204548e-05,1.6334414356174023e-05,66.4392417202904
2023-12-16,0.0002528555351885073,0.0002389477337459438,1.3907801442563506e-05,1.584909177345192e-05,59.35170255819607
2023-12-17,0.0002532801873290015,0.00024018240340192718,1.3097783927074297e-05,1.5298830204176396e-05,60.33067042763335
2023-12-18,0.0002513149731408249,0.0002402063953799958,1.1108577760829104e-05,1.446077971550694e-05,55.18610512214798
2023-12-19,0.0002488439222240095,0.00023983948773566462,9.00443448834489e-06,1.3369510670074531e-05,46.30068431241644
2023-12-20,0.0002451289121297554,0.0002387177743190493,6.411137810706101e-06,1.1977836098200845e-05,31.046691391117406
2023-12-21,0.0002425627118454764,0.0002379570955014858,4.605616343990603e-06,1.0503392147358796e-05,37.11966494414704
2023-12-22,0.00024135165110829434,0.00023771514894980485,3.6365021584894904e-06,9.130014149584935e-06,37.44397703261966
2023-12-23,0.00024799463466412434,0.0002411829930439815,6.811641620142853e-06,8.666339643696519e-06,50.320193077151146
2023-12-24,0.0002506441846514369,0.00024296326834306848,7.68091630836841e-06,8.469254976630897e-06,47.48191667178511
2023-12-25,0.00025003532011079737,0.00024323906810560267,6.796252005194701e-06,8.134654382343658e-06,40.09861425976005
2023-12-26,0.0002506964372094721,0.00024406080982016418,6.6356273893079115e-06,7.834848983736509e-06,49.833426008222744
2023-12-27,0.00024913447731423277,0.00024380028301055324,5.334194303679524e-06,7.334718047725113e-06,47.2043849122153
2023-12-28,0.00025073217215106856,0.0002449646689915245,5.767503159544033e-06,7.021275070088897e-06,51.34047987061083
2023-12-29,0.0002494595729766433,0.0002447791585119527,4.6804144646906114e-06,6.553102949009241e-06,45.87463322378039
2023-12-30,0.00024829632635352624,0.00024456577417228083,3.7305521812454096e-06,5.9885927954564745e-06,50.59316243730004
2023-12-31,0.00024642409149784123,0.00024394066495889513,2.4834265389461004e-06,5.2875595441544e-06,44.935349685601736
2024-01-01,0.00024413172870442858,0.0002430208922464332,1.1108364579953916e-06,4.452214926922599e-06,47.53084634976322
2024-01-02,0.00024546079328962336,0.00024374309641397109,1.7176968756522741e-06,3.905311316668534e-06,54.426086775371196
2024-01-03,0.00024484359607850504,0.00024357316419199948,1.2704318865055554e-06,3.3783354306359387e-06,54.21653731437323
2024-01-04,0.00024014010909205528,0.00024140262837530187,-1.2625192832465865e-06,2.450164487859434e-06,46.80797921888722
2024-01-05,0.00023804993955653072,0.00024030273050388288,-2.252790947352161e-06,1.5095734008171149e-06,48.21655732536784
2024-01-06,0.0002346201724462967,0.00023848448775100337,-3.864315304706676e-06,4.347956597123567e-07,31.81318851506515
2024-01-07,0.00023062692954686794,0.0002362755696657446,-5.6486401188766576e-06,-7.818914960054462e-07,34.01169747648733
2024-01-08,0.00022583557177340133,0.00023355020184008462,-7.71463006668329e-06,-2.168439210141015e-06,35.910009172316606
2024-01-09,0.00022414789134486685,0.00023216616088807298,-8.018269543206132e-06,-3.3384052767540382e-06,38.739408199321396
2024-01-10,0.00022271962792869292,0.00023088453261041844,-8.164904681725514e-06,-4.303705157748334e-06,42.04752702189257
2024-01-11,0.00022513941583604375,0.0002314448079227188,-6.3053920866750456e-06,-4.7040425435336765e-06,43.65570312703291
2024-01-12,0.00022836930486567754,0.0002325328735972332,-4.163568731555673e-06,-4.5959477811380764e-06,51.17218741055417
2024-01-13,0.0002275457878965456,0.0002318279529282767,-4.282165031731103e-06,-4.5331912312566825e-06,44.732933583036036
2024-01-14,0.0002271734464803456,0.00023133148002182994,-4.1580335414843515e-06,-4.4581596933022164e-06,46.86723812835202
2024-01-15,0.00022541290074986332,0.00023017580737074702,-4.7629066208837066e-06,-4.519109078818515e-06,45.62197360066266
2024-01-16,0.00022412904292776437,0.000229204845706708,-5.0758027789436365e-06,-4.630447818843539e-06,38.87535137615054
2024-01-17,0.00022398139037914415,0.00022875776834782097,-4.77637796867682e-06,-4.659633848810196e-06,44.11270240426377
2024-01-18,0.0002229660616445541,0.00022791510058904228,-4.949038944488174e-06,-4.717514867945791e-06,51.161999179693375
2024-01-19,0.00022026793629665147,0.00022624940772194188,-5.981471425290416e-06,-4.970306179414716e-06,42.08932621987838
2024-01-20,0.0002179206992677123,0.00022467618460243115,-6.755485334718837e-06,-5.32734201047554e-06,45.637091765207074
2024-01-21,0.00021667274073954224,0.0002235749093603701,-6.902168620827868e-06,-5.642307332546005e-06,50.47366656085789
2024-01-22,0.00021448306046996043,0.00022200934711051013,-7.526286640549697e-06,-6.019103194146744e-06,51.241893459452406
2024-01-23,0.00021067991877262628,0.0002196207020976789,-8.940783325052615e-06,-6.603439220327918e-06,39.210917644580455
2024-01-24,0.00020701813616305035,0.00021719534133565695,-1.01772051726066e-05,-7.318192410783654e-06,38.26275007214778
2024-01-25,0.0002039921820568283,0.00021498453341987548,-1.099235136304717e-05,-8.053024201236358e-06,23.415141454770747
2024-01-26,0.00020102843253097896,0.00021274329465831488,-1.1714862127335928e-05,-8.785391786456272e-06,16.27580448204823
2024-01-27,0.00020017632425963018,0.00021146525274045542,-1.1288928480825242e-05,-9.286099125330068e-06,32.508495334381834
2024-01-28,0.0001997427423977671,0.00021042027417875653,-1.0677531780989421e-05,-9.564385656461939e-06,32.30131006515886
2024-01-29,0.00019851797482154683,0.00020903964299161422,-1.0521668170067387e-05,-9.75584215918303e-06,33.954505719375916
2024-01-30,0.00019740698846839854,0.00020772534080898227,-1.031835234058373e-05,-9.86834419546317e-06,32.533412723184625
2024-01-31,0.0001950996253183899,0.00020585006578560154,-1.0750440467211631e-05,-1.0044763449812863e-05,23.379890589145134
2024-02-01,0.0001903829956191828,0.0002027827670069306,-1.23997713877478e-05,-1.0515765037399852e-05,20.17083854290405
2024-02-02,0.00018644862238598227,0.0001999699375696305,-1.3521315183648232e-05,-1.1116875066649528e-05,23.67673429594619
2024-02-03,0.0001834488528628039,0.00019752402519301513,-1.4075172330211221e-05,-1.1708534519361868e-05,25.873266364266044
2024-02-04,0.00018084880303640468,0.00019522954399288134,-1.4380740956476657e-05,-1.2242975806784826e-05,20.958462713888494
2024-02-05,0.00017764115162307933,0.00019261987916746715,-1.4978727544387818e-05,-1.2790126154305424e-05,21.191686948954683
2024-02-06,0.0001751364289943473,0.0001903043662318267,-1.5167937237479424e-05,-1.3265688370940225e-05,27.221689729740007
2024-02-07,0.00017319131627826473,0.00018824427957315885,-1.505296329489412e-05,-1.3623143355731005e-05,29.878005380354764
2024-02-08,0.00017321745822052856,0.00018714183211610854,-1.3924373895579981e-05,-1.36833894637008e-05,40.147794856407735
2024-02-09,0.00017308437112666008,0.00018604631804161037,-1.2961946914950286e-05,-1.3539100953950698e-05,41.081088164946145
2024-02-10,0.00017459441979657755,0.00018581323429638913,-1.1218814499811577e-05,-1.3075043663122874e-05,40.89825326952385
2024-02-11,0.0001758285531379083,0.00018557642334963642,-9.747870211728116e-06,-1.2409608972843922e-05,39.092762772687784
2024-02-12,0.00017655722436647666,0.00018520520059215243,-8.647976225675764e-06,-1.1657282423410291e-05,41.2440894393778
2024-02-13,0.00017919711061348124,0.00018583566610177123,-6.638555488289996e-06,-1.0653537036386233e-05,51.57712642318849
2024-02-14,0.0001816451858989073,0.00018652262416599195,-4.8774382670846526e-06,-9.498317282525917e-06,59.17332714158254
2024-02-15,0.00018807044947159583,0.00018925497786639127,-1.1845283947954416e-06,-7.835559504979821e-06,87.06004113390591
2024-02-16,0.0001935565862724951,0.00019180870829683944,1.7478779756556603e-06,-5.918872008852725e-06,87.05237615563153
2024-02-17,0.0001960737720493266,0.00019315015907647354,2.9236129728530574e-06,-4.1503750125115695e-06,73.5618656079874
2024-02-18,0.00019876938688387835,0.00019466461162443203,4.1047752594463205e-06,-2.4993449581199913e-06,74.90379038446405
2024-02-19,0.00020206834087502375,0.00019655705430605361,5.511286568970141e-06,-8.97218652701965e-07,81.85063090252775
2024-02-20,0.00020510617945860058,0.00019842796077732913,6.678218681271448e-06,6.178688140927177e-07,81.89665649630967
2024-02-21,0.000206611141045394,0.00019964725477699053,6.963886268403468e-06,1.8870723049548679e-06,76.05217180883474
2024-02-22,0.00020668745433788654,0.0002001998416414057,6.487612696480825e-06,2.8071803832600595e-06,67.31067079490032
2024-02-23,0.00020868419460056014,0.00020164179900465456,7.04239559590558e-06,3.654223425789164e-06,71.69928501861853
2024-02-24,0.00020982637965091155,0.0002027133988878538,7.112980763057745e-06,4.34597489324288e-06,66.27362478662539
2024-02-25,0.00021380156849568614,0.00020515426616593473,8.647302329751403e-06,5.206240380544584e-06,71.86577259423643
2024-02-26,0.0002190823389263155,0.00020833740024955267,1.0744938676762842e-05,6.313980039788236e-06,75.646772628345
2024-02-27,0.00023527294622846404,0.00021692879922293994,1.83441470055241e-05,8.720013432935409e-06,83.52987472793819
2024-02-28,0.00027222935838537587,0.00023608145300260298,3.6147905382772895e-05,1.4205591822902907e-05,90.68973738900911
2024-02-29,0.00031759078145589465,0.00026059976080565077,5.699102065024388e-05,2.2762677588371103e-05,92.13457630349131
2024-03-01,0.0003444109579789055,0.0002777347362167481,6.667622176215735e-05,3.1545386423128356e-05,77.78271902660089
2024-03-02,0.0004010221349565965,0.00030993094896616653,9.109118599042999e-05,4.345454633658869e-05,86.447048967744
2024-03-03,0.00046076125294276305,0.0003454417232550934,0.00011531952968766966,5.7827543006804886e-05,87.74917500297937
2024-03-04,0.0005527454059893037,0.00039827257692103294,0.00015447282906827075,7.715660021909806e-05,90.888260409213
2024-03-05,0.0006630245245708545,0.00046281236209498486,0.00020021216247586969,0.00010176771267045239,92.4329728929844
2024-03-06,0.0007386928169804292,0.0005140757741792888,0.00022461704280114033,0.00012633757869658996,85.01237102351845
2024-03-07,0.0008257032473798784,0.0005726079845791081,0.00025309526280077035,0.00015168911551742605,86.96695711178408
2024-03-08,0.0008870711028534311,0.0006209032677923572,0.0002661678350610739,0.0001745848594261556,82.39462375268636
2024-03-09,0.0010029713900268778,0.0006964232456952074,0.00030654814433167044,0.00020097751640725859,86.27268739364648
2024-03-10,0.0010931486716393055,0.0007625492067924259,0.00033059946484687963,0.00022690190609518283,83.91981332672934
2024-03-11,0.0011610949590634737,0.000819752935170498,0.0003413420238929757,0.0002497899296547414,81.58334860115733
2024-03-12,0.0012331111057644329,0.0008797119705371061,0.00035339913522732674,0.0002705117707692585,81.74649323582472
2024-03-13,0.0012723828729826257,0.0009247983129182601,0.0003475845600643656,0.00028592632862827996,74.76731302599606
2024-03-14,0.0013265412709390256,0.0009766215830501834,0.0003499196878888422,0.00029872500048039243,75.30410231530047
2024-03-15,0.0014000689450790905,0.0010379437734056845,0.000362125171673406,0.00031140503471899515,79.91011851702525
2024-03-16,0.0014325423549522817,0.0010804032056908068,0.00035213914926147494,0.0003195518576274911,70.7372989469705
2024-03-17,0.001415877842527325,0.001098463932987048,0.0003174139095402772,0.00031912426801004835,61.25150896013165
2024-03-18,0.0014150440214356897,0.0011215746050199848,0.00029346941641570485,0.0003139932976911797,58.01767026526925
2024-03-19,0.0013861198682903995,0.0011293866362030456,0.000256733232087354,0.00030254128457041457,49.018597317839664
2024-03-20,0.0013546471108023155,0.0011332503627522906,0.00022139674805002492,0.00028631237726633665,50.636044538219195
2024-03-21,0.0013795152744231437,0.0011616236821289875,0.00021789159229415622,0.00027262822027190057,54.64453158595971
2024-03-22,0.0013861835491298625,0.0011809744508614192,0.00020520909826844333,0.00025914439587120913,54.316978828880345
2024-03-23,0.0013775765797182733,0.001192031028423872,0.00018554555129440126,0.00024442462695584757,42.13977595799869
2024-03-24,0.0013687615464706485,0.0012015308680671936,0.00016723067840345492,0.00022898583724536905,43.0415579347732
2024-03-25,0.0013744788952332774,0.0012166711232790856,0.0001578077719541918,0.00021475022418713364,46.71757570124253
2024-03-26,0.0013872626145440044,0.0012345157119808573,0.0001527469025631471,0.00020234955986233634,45.531386061587824
2024-03-27,0.0013966103848012013,0.0012503310756278889,0.0001462793091733124,0.00019113550972453156,48.8722045275436
2024-03-28,0.0013934241127856492,0.0012596324490406461,0.00013379166374500305,0.00017966674052862587,42.79746015441367
2024-03-29,0.0013999320160796827,0.0012726763775707368,0.00012725563850894597,0.0001691845201246899,38.51218257283545
2024-03-30,0.001399427686947376,0.0012818598960262148,0.00011756779092116109,0.00015886117428398416,42.60722796018906
2024-03-31,0.001408237101832568,0.0012948101914095414,0.0001134269104230267,0.00014977432151179267,55.41206818781553
2024-04-01,0.001434659905490504,0.0013159342754243274,0.00011872563006617661,0.00014356458322266948,56.72267445309821
2024-04-02,0.001434128147671546,0.0013244727349978791,0.00010965541267366689,0.00013678274911286896,58.32501285984031
2024-04-03,0.00141457092142699,0.0013231789158929942,9.139200553399582e-05,0.00012770460039709434,54.80712398816475
2024-04-04,0.0013860109693751312,0.0013161976060557285,6.981336331940272e-05,0.00011612635298155602,36.29355330763284
2024-04-05,0.0013641681125619559,0.0013108520352434147,5.331607731854119e-05,0.00010356429784895306,40.78148507470401
2024-04-06,0.0013370243869358727,0.001301732173076674,3.5292213859198715e-05,8.99098810510022e-05,42.36809841834029
2024-04-07,0.0013191676675485327,0.0012957487314353027,2.3418936113229994e-05,7.661169206344776e-05,44.810009295461256
2024-04-08,0.0013227750479910942,0.001299220354323442,2.3554693667652248e-05,6.600029238428865e-05,46.811888173217696
2024-04-09,0.001334366924151492,0.00130654642015383,2.782050399766198e-05,5.8364334706963316e-05,47.017749864641296
2024-04-10,0.0013239027251176546,0.0013035688801744016,2.0333844943252934e-05,5.075823675422124e-05,41.88209008109699
2024-04-11,0.0013173613761303404,0.0013019255525096396,1.543582362070078e-05,4.369375412751715e-05,45.54959880662414
2024-04-12,0.00131766797350073,0.0013032165678080272,1.44514056927027e-05,3.784528444055426e-05,44.40535010410049
2024-04-13,0.0012799722348139848,0.00128613724219535,-6.1650073813653006e-06,2.904322607617035e-05,37.0153582034302
2024-04-14,0.0012241957061752478,0.0012588252093410424,-3.4629503165794617e-05,1.630868022777736e-05,29.920840343567846
2024-04-15,0.001187242884895061,0.0012384679618234861,-5.122507692842523e-05,2.8019287965368402e-06,26.830311299150296
2024-04-16,0.0011458969061520655,0.0012147661885821605,-6.886928243009498e-05,-1.1532313448789525e-05,28.687773666781865
2024-04-17,0.0011193793808084605,0.0011968970628663438,-7.75176820578833e-05,-2.472938717060828e-05,35.29263517999864
2024-04-18,0.0010835518655770934,0.0011739047272321388,-9.035286165504542e-05,-3.785408206749571e-05,35.01596799357117
2024-04-19,0.001057652506986704,0.0011547418611215776,-9.708935413487363e-05,-4.97011364809713e-05,35.78056017544695
2024-04-20,0.0010373510930587943,0.0011377753022574085,-0.00010042420919861416,-5.984575102449987e-05,38.20110234238331
2024-04-21,0.0010378708838389356,0.001130586741581283,-9.271585774234736e-05,-6.641977236806937e-05,42.44183267483255
2024-04-22,0.001043254345440615,0.0011263109373345103,-8.30565918938952e-05,-6.974713627323454e-05,37.768928008381
2024-04-23,0.0010734751090228614,0.0011347093352153032,-6.12342261924418e-05,-6.8044554257076e-05,43.47503948594852
2024-04-24,0.001120986768362934,0.0011530494507351573,-3.20626823722232e-05,-6.0848179880105444e-05,54.733122749421085
2024-04-25,0.0011497986471085625,0.0011645468232888137,-1.4748176180251135e-05,-5.1628179140134585e-05,51.04681599529862
2024-04-26,0.0011894210956460063,0.0011825318410157125,6.889254630293787e-06,-3.992469238604891e-05,53.271003664115185
2024-04-27,0.001210011440748001,0.0011929560260374355,1.7055414710565563e-05,-2.852867096672602e-05,60.59778495468472
2024-04-28,0.0012238005164936822,0.001200858574708361,2.2941941785321234e-05,-1.823454841631657e-05,68.18724555421556
2024-04-29,0.0012352461450858116,0.0012080688360145953,2.7177309071216293e-05,-9.152176918809997e-06,65.9385328839216
2024-04-30,0.0012487342098462468,0.0012165762234230431,3.215798642320364e-05,-8.901442504072691e-07,71.40133503262531
2024-05-01,0.0012416543566957576,0.0012155494783078597,2.6104878387897892e-05,4.508860277253764e-06,61.34539775267343
2024-05-02,0.0012449602216820824,0.001219074885774453,2.5885335907629417e-05,8.784155403328895e-06,69.14964637244906
2024-05-03,0.0012629241240038106,0.0012296416043669613,3.328251963684932e-05,1.3683828250032982e-05,71.19631762966775
2024-05-04,0.0012929258033424866,0.0012465522292068312,4.637357413565541e-05,2.022177742715747e-05,73.36407596269183
2024-05-05,0.0013338727231025382,0.0012697024923606082,6.417023074193002e-05,2.9011468090111977e-05,73.03523212158025
2024-05-06,0.0013638792321959878,0.001288903421238338,7.49758109576499e-05,3.8204336663619565e-05,70.30219095319157
2024-05-07,0.0013848998221035666,0.0013045782097832943,8.032161232027235e-05,4.662779179495012e-05,63.24335107594526
2024-05-08,0.0013918357299521978,0.0013138674700304332,7.796825992176454e-05,5.289588542031301e-05,52.61229232027216
2024-05-09,0.001398888656810899,0.0013230387503640126,7.584990644688631e-05,5.748668962562768e-05,57.64586111298981
2024-05-10,0.0014204265756317537,0.0013390273710145637,8.139920461718996e-05,6.226919262394014e-05,57.75193109998654
2024-05-11,0.001434947849267656,0.0013520486660701602,8.28991831974958e-05,6.639519073865126e-05,62.14810386743547
2024-05-12,0.0014488776931109847,0.0013648963081575032,8.398138495348153e-05,6.991242958161733e-05,64.56202905961163
2024-05-13,0.0014683966499684387,0.0013805151677520908,8.788148221634796e-05,7.350624010856345e-05,66.83580387434779
2024-05-14,0.0015152617014279847,0.001409589561581972,0.0001056721398460126,7.993942005605329e-05,72.5763105552611
2024-05-15,0.001573215038370275,0.0014453205860242612,0.00012789445234601387,8.953042651404541e-05,84.61519881292631
2024-05-16,0.0016235267364768415,0.0014790184001012016,0.0001445083363756398,0.0001005260084863643,83.7648642431359
2024-05-17,0.0016521777186177364,0.0015035176386413095,0.00014866007997642685,0.00011015282278437682,73.95040060272663
2024-05-18,0.0016805184986006527,0.0015281750571498564,0.00015234344145079637,0.00011859094651766073,71.85698362684121
2024-05-19,0.0016861944749772758,0.0015421926340312524,0.00014400184094602348,0.00012367312540333329,58.95951976467629
2024-05-20,0.001680560974582324,0.0015501470109482033,0.00013041396363412065,0.00012502129304949077,56.54870390451962
2024-05-21,0.0017332215076020338,0.001585162376004665,0.00014805913159736872,0.00012962886075906636,70.6273206685431
2024-05-22,0.0018489698497139398,0.0016518604023250177,0.00019710944738892213,0.00014312497808503753,81.8270622144918
2024-05-23,0.0019340355062945867,0.0017074186404852493,0.00022661686580933743,0.0001598233556298975,77.79790509423685
2024-05-24,0.002049722017452511,0.0017799059877693858,0.0002698160296831253,0.00018182189044054308,79.91589393229077
2024-05-25,0.0021265963787654423,0.0018369059417113988,0.00028969043705404356,0.00020339559976324318,75.48564209441015
2024-05-26,0.0022130757706621275,0.0019000027183323244,0.0003130730523298031,0.00022533109027655517,76.9465902167621
2024-05-27,0.002314344820404727,0.001971952486899487,0.0003423923335052399,0.00024874333892229214,78.27856016075205
2024-05-28,0.0024192564781579627,0.0020478279023736553,0.0003714285757843074,0.0002732803862946952,77.5704184205703
2024-05-29,0.0024899250363911046,0.002109366732321783,0.0003805583040693214,0.0002947359698496205,72.25035121691073
2024-05-30,0.0025144846394705924,0.002149381230402227,0.0003651034090683654,0.0003088094576933695,65.36818023634683
2024-05-31,0.0025267502381407145,0.002182331585989202,0.00034441865215151246,0.0003159312965849981,66.32394660042635
2024-06-01,0.002565600683961014,0.0022265498489509395,0.00033905083501007457,0.00032055520427001343,68.4071028176349
2024-06-02,0.002582237827919395,0.002259675202339055,0.00032256262558034033,0.0003209566885320788,68.76808501212723
2024-06-03,0.002588363853419253,0.002286518297993086,0.0003018455554261671,0.00031713446191089647,69.20679436642095
2024-06-04,0.0025899023134053818,0.0023096179680179747,0.00028028434538740704,0.0003097644386061986,63.18753568235414
2024-06-05,0.0025888239199609825,0.0023298605449067755,0.00025896337505420695,0.00029960422589580025,52.8046248725677
2024-06-06,0.0025941764852416985,0.0023516201781940984,0.00024255630704760013,0.00028819464212616027,56.55277782088681
2024-06-07,0.002593627252256667,0.002369322866538165,0.0002243043857185021,0.00027541659084462866,46.68941330158532
2024-06-08,0.0025496903601930415,0.0023647832063385305,0.00018490715385451094,0.00025731470344660513,42.3939238835946
2024-06-09,0.0024934726993772263,0.0023514122699349535,0.00014206042944227282,0.0002342638486457387,33.94671765129932
2024-06-10,0.0024633229615425812,0.002347418724269552,0.00011590423727302936,0.00021059192637119684,30.894716381180217
2024-06-11,0.0024189996295483525,0.002334663359774037,8.43362697743157e-05,0.00018534079505182061,22.6148366296607
2024-06-12,0.002400686282244066,0.0023320929532774782,6.859332896658795e-05,0.00016199130183477408,30.790782479554764
2024-06-13,0.0023960794856350983,0.0023349558533521672,6.112363228293104e-05,0.0001418177679244055,39.65715110531488
2024-06-14,0.0023561702446887214,0.0023202679693619067,3.5902275326814715e-05,0.00012063466940488734,35.01446412131955
2024-06-15,0.002308631616110682,0.0023000384278485404,8.593188262141435e-06,9.822637317633816e-05,24.420457659892605
2024-06-16,0.002280470615036757,0.002287115959795328,-6.645344758571085e-06,7.725202958935631e-05,30.477680313596807
2024-06-17,0.0022707041081721953,0.0022819213198413857,-1.121721166919042e-05,5.955818133764697e-05,35.97059773415701
2024-06-18,0.0022307211506687173,0.0022618393616605117,-3.1118210991794466e-05,4.1422902871758684e-05,31.934046974750842
2024-06-19,0.0021923838575667013,0.0022410756123157046,-4.8691754749003325e-05,2.3399971347606282e-05,31.665030281706237
2024-06-20,0.0021696689046075,0.002226531986465052,-5.6863081857551866e-05,7.347360706574653e-06,32.589294331650805
2024-06-21,0.0021395735877592667,0.002207829568585714,-6.825598082644711e-05,-7.7733076000297e-06,31.86703953876922
2024-06-22,0.0021262899640320716,0.0021963777511743643,-7.008778714229268e-05,-2.0236203508482297e-05,41.487761826779284
2024-06-23,0.0021153835429947795,0.002185934823479202,-7.055128048442244e-05,-3.0299218903670326e-05,45.313955345254676
2024-06-24,0.0020913494055447507,0.0021691368105970087,-7.778740505225796e-05,-3.979685613338785e-05,37.54399669287868
2024-06-25,0.0020818394299191223,0.0021587959034400574,-7.695647352093512e-05,-4.722877961089731e-05,44.423372018065116
2024-06-26,0.002116265653057405,0.0021696710128384206,-5.34053597810156e-05,-4.8464095644920974e-05,50.19371445651161
2024-06-27,0.002136273503067662,0.002175348469526247,-3.907496645858509e-05,-4.65862698076538e-05,45.69781897565321
2024-06-28,0.0021546298411673575,0.0021812922644291683,-2.6662423261810796e-05,-4.260150049848521e-05,54.86869722828748
2024-06-29,0.0021425734697358375,0.0021735123505353393,-3.0938880799501797e-05,-4.026897655868853e-05,51.109536432817784
2024-06-30,0.0021256266791603797,0.0021630610157546,-3.7434336594220196e-05,-3.9702048565794866e-05,46.35081425173443
2024-07-01,0.0021263206194051527,0.0021606222213099184,-3.430160190476565e-05,-3.8621959233589025e-05,46.61490042503062
2024-07-02,0.0021152318330893453,0.002152742316646399,-3.751048355705349e-05,-3.839966409828192e-05,51.884001516393205
2024-07-03,0.002102343975087981,0.002143758497345219,-4.141452225723836e-05,-3.9002635730073216e-05,52.17842040960037
2024-07-04,0.002062397520938828,0.002121457277032128,-5.905975609329971e-05,-4.3014059802718514e-05,42.05562557170441
2024-07-05,0.0019923267699524494,0.0020833447112910343,-9.101794133858487e-05,-5.261483610989179e-05,37.22367931996971
2024-07-06,0.001931965487376611,0.002047539801803513,-0.00011557431442690206,-6.520673177329384e-05,33.390884683467206
2024-07-07,0.0019044772823861777,0.002025743679813534,-0.0001212663974273563,-7.641866490410634e-05,40.03352824101134
2024-07-08,0.001843708765779215,0.001987502068304452,-0.00014379330252523677,-8.989359242833243e-05,36.48137265798217
2024-07-09,0.0018138451659576434,0.001962471942277381,-0.00014862677631973767,-0.00010164022920661348,39.03764009252194
2024-07-10,0.0017861455302223422,0.0019381256897885518,-0.00015198015956620955,-0.00011170821527853271,27.190338262368712
2024-07-11,0.0017661686711117576,0.0019172494124711436,-0.00015108074135938604,-0.00011958272049470338,29.454011557204254
2024-07-12,0.0017406929282103997,0.0018937921480105353,-0.00015309921980013563,-0.00012628602035578984,27.905512785104506
2024-07-13,0.0017130461487535208,0.0018691400527312873,-0.0001560939039777665,-0.00013224759708018518,30.81002202664473
2024-07-14,0.0016905808521930823,0.0018467609170556862,-0.0001561800648626039,-0.00013703409063666892,32.165262818022384
2024-07-15,0.0016862031647944108,0.0018330842479479846,-0.00014688108315357384,-0.0001390034891400499,32.029097214512674
2024-07-16,0.0017421003017265156,0.0018491176040150296,-0.00010701730228851393,-0.0001326062517697427,49.854090132837385
2024-07-17,0.0018166023058683678,0.001877061731765661,-6.045942589729325e-05,-0.00011817688659525282,55.512893778079516
2024-07-18,0.001860688739092587,0.0018938100569553004,-3.312131786271347e-05,-0.00010116577284874496,57.65136642223444
2024-07-19,0.0018972846400680489,0.0019089768746203216,-1.1692234552272782e-05,-8.327106518945053e-05,66.71082938220867
2024-07-20,0.0019567129922583157,0.001936724434226578,1.9988558031737652e-05,-6.26191405452129e-05,70.72713324517849
2024-07-21,0.0019947185620183007,0.00195650404618744,3.821451583086062e-05,-4.2452409269998194e-05,64.29541961577614
2024-07-22,0.002033754623662406,0.0019781298918554063,5.562473180699976e-05,-2.2836981054598605e-05,76.84389689453829
2024-07-23,0.00205028225415403,0.0019902079903741142,6.0074263779915683e-05,-6.254732087695747e-06,68.29401852330676
2024-07-24,0.0020845131744124117,0.0020111394900377733,7.33736843746384e-05,9.670951204771083e-06,71.89237946148785
2024-07-25,0.0021021710890223046,0.002025076536655473,7.709455236683174e-05,2.3155671437183215e-05,67.97546492324024
2024-07-26,0.00209645500631215,0.002028035056266645,6.841995004550506e-05,3.220852715884758e-05,64.61489200551586
2024-07-27,0.002107436814143471,0.00203839073781843,6.904607632504103e-05,3.9576036992086276e-05,68.3652807787784
2024-07-28,0.0021142147816133093,0.0020467687278094664,6.744605380384298e-05,4.515004035443762e-05,67.57840859902741
2024-07-29,0.002114070494087684,0.0020516952600233384,6.237523406434553e-05,4.85950790964192e-05,64.04944146729429
2024-07-30,0.0021160867975345337,0.002057286460502514,5.8800337032019825e-05,5.063613068353933e-05,53.15086136813612
2024-07-31,0.002103139642087919,0.002055408225437997,4.773141664992167e-05,5.00551878768158e-05,41.55000308852574
2024-08-01,0.0020857333172768695,0.0020505630628734122,3.5170254403457234e-05,4.707820118214408e-05,44.70805205307219
2024-08-02,0.0020580344457693657,0.0020398317732145,1.820267255486568e-05,4.1303095456688405e-05,41.606476863463556
2024-08-03,0.001999020743405037,0.0020127661144875913,-1.3745371082554345e-05,3.0293402148839853e-05,24.51725498920581
2024-08-04,0.001931024608684528,0.0019790090591716015,-4.798445048707347e-05,1.463783162165719e-05,23.769857532328274
2024-08-05,0.0018570053553924526,0.0019398157556985967,-8.281040030614414e-05,-4.851814763903075e-06,19.172366427674987
2024-08-06,0.0017672154003256636,0.0018904494513845025,-0.00012323405105883886,-2.8528262022890234e-05,18.19916958963296
2024-08-07,0.001709281552048107,0.0018534269280613205,-0.00014414537601321344,-5.165168482095488e-05,17.33129737024572
2024-08-08,0.0016506250952562414,0.0018145074950864804,-0.00016388239983023897,-7.40978278228117e-05,17.47187207007258
2024-08-09,0.0016393873616068137,0.0017969572974159975,-0.00015756993580918381,-9.079224942008613e-05,33.24448647305671
2024-08-10,0.0016227567759215067,0.0017772781312853545,-0.00015452135536384785,-0.00010353807060883849,27.234056384430744
2024-08-11,0.0016065529848660505,0.0017580302796391092,-0.00015147729477305873,-0.00011312591544168254,27.282585144407392
2024-08-12,0.0015738765765689736,0.001731076653809179,-0.00015720007724020525,-0.00012194074780138709,25.715225265111968
2024-08-13,0.0015599598328812265,0.0017127315492750633,-0.00015277171639383673,-0.00012810694151987702,29.31315399917527
2024-08-14,0.0015466941027395711,0.001695027922436945,-0.00014833381969737384,-0.0001321523171553764,31.01885491783736
2024-08-15,0.0015308169250491327,0.0016763956650528544,-0.00014557874000372165,-0.00013483760172504545,31.267472432820597
2024-08-16,0.0015018011293572572,0.00165164148638612,-0.0001498403570288629,-0.00013783815278580895,30.90789637910929
2024-08-17,0.0014692441821394146,0.0016248666335013171,-0.0001556224513619025,-0.00014139501250102766,35.18032662363021
2024-08-18,0.0014501964608819365,0.0016041679194616497,-0.0001539714585797132,-0.00014391030171676477,41.42800275453304
2024-08-19,0.0014291622611915657,0.0015826350486048257,-0.00015347278741326,-0.0001458227988560638,44.11520652684367
2024-08-20,0.00142239595019767,0.0015680088405401159,-0.00014561289034244586,-0.00014578081715334022,55.30253618363629
2024-08-21,0.0014188951468880311,0.0015555371285508493,-0.00013664198166281815,-0.00014395305005523583,50.47269412362743
2024-08-22,0.0014197778222478313,0.0015458404921194332,-0.0001260626698716019,-0.00014037497401850904,55.28626647865885
2024-08-23,0.001422659989301034,0.0015378902266360418,-0.00011523023733500779,-0.00013534602668180878,39.74685905605094
2024-08-24,0.0014546514757369533,0.0015447579617840763,-9.010648604712308e-05,-0.00012629811855487165,56.02665418159552
2024-08-25,0.0014928820552762853,0.0015564907233365606,-6.360866806027522e-05,-0.00011376022845595237,60.520330299508096
2024-08-26,0.0015157468571007423,0.0015627879488031304,-4.704109170238814e-05,-0.00010041640110523953,65.0631343601531
2024-08-27,0.0015187862591265378,0.0015607668392820402,-4.198058015550247e-05,-8.872923691529212e-05,53.10855262818108
2024-08-28,0.0014968570999264405,0.0015470986826186229,-5.0241582692182396e-05,-8.103170607067018e-05,45.063227396973204
2024-08-29,0.001479772282484361,0.0015351510606878304,-5.5378778203469354e-05,-7.590112049723002e-05,47.01619582568303
2024-08-30,0.0014642683620473078,0.0015235840783882518,-5.9315716340943916e-05,-7.25840396659728e-05,52.10862238469225
2024-08-31,0.0014545233924230247,0.001514498299210564,-5.9974906787539336e-05,-7.00622130902861e-05,56.57561060170339
2024-09-01,0.0014416011234013163,0.0015038338802899236,-6.22327568886073e-05,-6.849632184995035e-05,51.53534025055655
2024-09-02,0.001418224118862135,0.0014879684516681986,-6.974433280606358e-05,-6.8745924041173e-05,48.62474723011069
2024-09-03,0.001410541449085401,0.0014791031415678404,-6.856169248243942e-05,-6.870907772942628e-05,49.03248006925376
2024-09-04,0.0013948906229684147,0.0014664889147350366,-7.15982917666219e-05,-6.92869205368654e-05,45.053377604768016
2024-09-05,0.0013838202234171548,0.001455855145190606,-7.20349217734513e-05,-6.983652078418258e-05,44.3950400049347
2024-09-06,0.001367465544160503,0.001442644749861592,-7.517920570108906e-05,-7.090505776756388e-05,41.42507352734363
2024-09-07,0.0013410220496399864,0.0014243438668923739,-8.332181725238742e-05,-7.338840966452859e-05,23.749774808272406
2024-09-08,0.001321650599889132,0.0014088448861047486,-8.71942862156166e-05,-7.614958497474619e-05,18.537132607342485
2024-09-09,0.0013139682971712507,0.0013986871635949822,-8.471886642373149e-05,-7.786344126454325e-05,26.004834405074078
2024-09-10,0.0013167056182947356,0.001393729661437865,-7.702404314312945e-05,-7.76955616402605e-05,35.94089185313497
2024-09-11,0.0013210875678210542,0.001390134004310305,-6.90464364892509e-05,-7.596573661005859e-05,47.31682267542778
2024-09-12,0.001318362154418609,0.0013837072173765908,-6.534506295798178e-05,-7.384160187964324e-05,43.25443278073234
2024-09-13,0.0013207954144009613,0.001380038411963799,-5.9242997562837605e-05,-7.092188101628211e-05,46.47107701449758
2024-09-14,0.0013370965700277937,0.0013834987463350267,-4.6402176307232994e-05,-6.601794007447229e-05,51.82997590526255
2024-09-15,0.001345892034528447,0.001384296401368139,-3.8404366839692e-05,-6.0495225427516236e-05,51.677036534474944
2024-09-16,0.0013432062750304635,0.0013801584899920958,-3.69522149616323e-05,-5.578662333433945e-05,52.799463426140996
2024-09-17,0.0013359639024847388,0.0013739342206210703,-3.797031813633153e-05,-5.222336229473787e-05,44.418389694377275
2024-09-18,0.0013328874014802163,0.0013696403262013867,-3.6752924721170435e-05,-4.912927478002439e-05,50.58968107337391
2024-09-19,0.0013358161289965683,0.0013683280153965807,-3.251188640001246e-05,-4.580579710402201e-05,52.30612513891827
2024-09-20,0.0013506184902584686,0.001373046790344902,-2.2428300086433468e-05,-4.1130297700504304e-05,61.6483327345088
2024-09-21,0.0013697465390218949,0.0013805952360394086,-1.0848697017513736e-05,-3.507397756390619e-05,72.37650691451363
2024-09-22,0.001392216688888086,0.0013906105898996107,1.6060989884753192e-06,-2.7737962253429887e-05,73.28906939295055
2024-09-23,0.0013999495951557694,0.0013944528113609747,5.496783794794709e-06,-2.109101304378497e-05,62.89210872417218
2024-09-24,0.0014093151103282914,0.0013993693026510628,9.94580767722862e-06,-1.4883648899582252e-05,60.398630815465026
2024-09-25,0.0014308825771332141,0.0014104903650147094,2.0392212118504772e-05,-7.828476695964847e-06,64.68130375065391
2024-09-26,0.001444242856395763,0.0014184336262980481,2.580923009771487e-05,-1.1009353372289035e-06,65.62791423787044
2024-09-27,0.0014857516716310973,0.001440331146974151,4.542052465694637e-05,8.203356661606152e-06,72.31079719584334
2024-09-28,0.0015532809149540875,0.0014762097104005496,7.707120455353791e-05,2.1976926239992505e-05,75.68322445127407
2024-09-29,0.0016275699415534209,0.0015176874791004908,0.00010988246245293007,3.955803348258002e-05,80.6139114155676
2024-09-30,0.0016903508985826447,0.0015560547889629267,0.00013429610961971793,5.85056487100076e-05,85.97033746372104
2024-10-01,0.0017206022252453071,0.0015805681025130767,0.00014003412273223045,7.481134351445217e-05,76.87149133568055
2024-10-02,0.0017244111988353801,0.001592774950740314,0.00013163624809506605,8.617632443057494e-05,67.58089973356084
2024-10-03,0.0017149601679758565,0.0015979752875927705,0.00011698488038308598,9.233803562107716e-05,62.269287272879104
2024-10-04,0.0016901673486843284,0.0015947035509252263,9.546379775910211e-05,9.296318804868215e-05,54.6956482048951
2024-10-05,0.0016898638237160782,0.0016016288017004466,8.82350220156316e-05,9.201755484207204e-05,57.68084861494852
2024-10-06,0.0016885040348176767,0.0016075100160838557,8.099401873382095e-05,8.981284762042184e-05,56.09916799792529
2024-10-07,0.0017119288631619266,0.0016247881940817408,8.714066908018588e-05,8.927841191237465e-05,63.82081843461839
2024-10-08,0.0017217968448487208,0.0016359943088998406,8.580253594888017e-05,8.858323671967575e-05,60.598353644900214
2024-10-09,0.0017204187267764073,0.0016416865139723474,7.873221280405994e-05,8.66130319365526e-05,55.58682733670309
2024-10-10,0.0017079413498616112,0.0016415109038136722,6.643044604793895e-05,8.257651475882987e-05,54.04351789492097
2024-10-11,0.0017011012990558161,0.0016431383197996184,5.7962979256197776e-05,7.765380765830346e-05,48.100866802438155
2024-10-12,0.001708818037363055,0.0016511473404109702,5.76706969520847e-05,7.365718551705973e-05,42.82457631944456
2024-10-13,0.0017204242312945169,0.0016610074113373842,5.941681995713264e-05,7.080911240507431e-05,38.854339153212635
2024-10-14,0.001723026065215916,0.0016666613921111789,5.636467310473703e-05,6.792022454500686e-05,37.32161008299699
2024-10-15,0.0017598148894798014,0.0016885496906904377,7.12651987893637e-05,6.858921939387823e-05,53.00049983768645
2024-10-16,0.001775281619614128,0.0017012755384432144,7.400608117091368e-05,6.967259174928532e-05,54.7406539158805
2024-10-17,0.001791444063898756,0.0017145393880003252,7.690467589843079e-05,7.111900857911442e-05,59.44710373438085
2024-10-18,0.0017885712561489463,0.0017188528269280784,6.971842922086791e-05,7.083889270746512e-05,59.53020844216056
2024-10-19,0.0018042684450470762,0.0017315750607842793,7.26933842627969e-05,7.120979101853148e-05,58.9384625773876
2024-10-20,0.0018175954497584405,0.0017433764618869953,7.421898787144526e-05,7.181163038911423e-05,59.32455626010085
2024-10-21,0.001832222730035576,0.0017559169292701675,7.630580076540844e-05,7.271046446437308e-05,53.64126986546966
2024-10-22,0.0018323720445222323,0.001761641102968588,7.073094155364426e-05,7.231455988222732e-05,52.84991734685102
2024-10-23,0.0018289094506353555,0.0017652132571381394,6.36961934972161e-05,7.059088660522507e-05,55.04149504954939
2024-10-24,0.0018193011570228302,0.0017653052782504212,5.399587877240905e-05,6.727188503866186e-05,56.8196212849474
2024-10-25,0.001815866020966523,0.001767651018576822,4.821500238970096e-05,6.346050850886969e-05,57.11187200321289
2024-10-26,0.0017777717629543722,0.0017528808204516904,2.489094250268187e-05,5.5746595307632126e-05,41.52317814803657
2024-10-27,0.0017550448271993644,0.0017437819952735517,1.1262831925812691e-05,4.684984263126824e-05,43.04255525011584
2024-10-28,0.001738548356289427,0.0017366735338669754,1.8748224224515546e-06,3.7854838589504905e-05,45.852165683669504
2024-10-29,0.0017250386127236365,0.00173030771825548,-5.269105531843484e-06,2.9230049765235227e-05,31.83509273394978
2024-10-30,0.0017267450691788762,0.0017307390413241624,-3.9939721452862415e-06,2.2585245383130934e-05,42.613003524536616
2024-10-31,0.0017290109879598266,0.0017315341894671914,-2.5232015073647657e-06,1.7563556005031794e-05,41.595643233393695
2024-11-01,0.0017154098501539193,0.001724798589671209,-9.388739517289784e-06,1.217309690056748e-05,41.935574619060134
2024-11-02,0.0016975543721215126,0.00171550604546914,-1.795167334762743e-05,6.1481428509285e-06,30.396673861616847
2024-11-03,0.0016771848226699506,0.001704368731040786,-2.7183908370835433e-05,-5.182673934242868e-07,29.03240687686082
2024-11-04,0.0016459174378770686,0.0016873004414463735,-4.138300356930488e-05,-8.691214628600407e-06,24.076723453547416
2024-11-05,0.0016114263692151225,0.0016676282229373398,-5.620185372221735e-05,-1.8193342447323797e-05,24.8781072477923
2024-11-06,0.001599911544122024,0.0016579209476167947,-5.8009403494770724e-05,-2.6156554656813187e-05,34.99206676725315
2024-11-07,0.001628594058653509,0.0016674340543545638,-3.883999570105474e-05,-2.86932428656615e-05,50.89057396625045
2024-11-08,0.0016795239863766026,0.001689078834687827,-9.554848311224377e-06,-2.4865563954774075e-05,56.45703859790761
2024-11-09,0.001720572696543938,0.0017081352619305276,1.243743461341049e-05,-1.7404964241137163e-05,68.10451746431515
2024-11-10,0.0017654150017430317,0.0017306472929236772,3.476770881935456e-05,-6.970429629038819e-06,68.22362011645446
2024-11-11,0.001833440658809648,0.0017659757729053334,6.746488590431469e-05,7.916633477631882e-06,72.83155486988186
2024-11-12,0.001911135148896429,0.0018083816300511401,0.00010275351884528891,2.688401055116329e-05,75.39938615599786
2024-11-13,0.0020146338531874313,0.0018658257112909033,0.000148808141896528,5.126883682023624e-05,77.99989246961752
2024-11-14,0.0022822258182056757,0.002005689112366097,0.0002765367058395786,9.632241062410471e-05,87.56641467230375
2024-11-15,0.0025023701448147477,0.0021321687293141376,0.00037020141550061017,0.0001510982115994058,89.57461223143505
2024-11-16,0.002766192244055742,0.002286616511578365,0.0004795757324773768,0.00021679371577500004,92.47927306573496
2024-11-17,0.0029287152180323866,0.002400392442195074,0.0005283227758373127,0.0002790995277874626,82.794756044033
2024-11-18,0.0030651204105562537,0.002505204036805626,0.0005599163737506278,0.00033526289698009563,84.86506209454949
2024-11-19,0.003157932607233979,0.0025913666777060583,0.0005665659295279206,0.0003815235034896606,82.53660015714917
2024-11-20,0.0032172090992962513,0.002661875057552924,0.0005553340417433273,0.00041628561114039395,78.97397108194016
2024-11-21,0.0032432314776413285,0.0027155402057741336,0.0005276912718671948,0.00043856674328575417,73.73927796947669
2024-11-22,0.003320180467561562,0.002791677961799964,0.0005285025057615981,0.000456553895780923,75.09716264227991
2024-11-23,0.0033780755763843902,0.0028587017183266295,0.0005193738580577608,0.0004691178882362906,74.39370915983821
2024-11-24,0.0034251177121571988,0.002919823773184483,0.000505293938972716,0.0004763530983835757,73.65139274050841
2024-11-25,0.0034580746851507484,0.002973121126031208,0.00048495355911954037,0.00047807319053076865,71.15958175995166
2024-11-26,0.0034528682338826533,0.003006536802022091,0.0004463314318605624,0.00047172483879672747,65.65664794936973
2024-11-27,0.0034259337682013844,0.0030266299431281887,0.0003993038250731957,0.00045724063605202114,60.30014901868985
2024-11-28,0.003447532204128727,0.0030666072511727014,0.00038092495295602566,0.00044197749943282206,46.22708031281681
2024-11-29,0.0034666118626635704,0.0031040104166121466,0.0003626014460514238,0.0004261022887565424,47.11147070827439
2024-11-30,0.003501337915111745,0.003147589734165077,0.0003537481809466679,0.0004116314671945675,37.309705399968585
2024-12-01,0.003524006554135112,0.003184707833024229,0.00033929872111088284,0.0003971649179778306,44.93592915089138
2024-12-02,0.003600634420325209,0.003246735970161008,0.0003538984501642007,0.00038851162441510466,54.961967610650504
2024-12-03,0.003612590791192978,0.003278707441331727,0.0003338833498612512,0.000377585969504334,50.218224808509206
2024-12-04,0.0036222041122346985,0.0033080681773785736,0.0003141359348561249,0.0003648959625746922,53.05467967490398
2024-12-05,0.003664145998658818,0.003351531747498048,0.00031261425116077025,0.00035443962029190786,61.446921399176944
2024-12-06,0.0036925366780943066,0.0033883579450900065,0.00030417873300430005,0.0003443874428343863,52.75602977263439
2024-12-07,0.0037247762780013268,0.0034264124734159273,0.00029836380458539945,0.0003351827151845889,55.363541698986715
2024-12-08,0.0038474995624574668,0.0035076024847900244,0.0003398970776674424,0.00033612558768115965,66.6108700136139
2024-12-09,0.003987402948561248,0.003600140935704248,0.00038726201285699995,0.0003463528727163277,70.58665769402864
2024-12-10,0.004097776778225978,0.003681969965754451,0.0004158068124715266,0.0003602436606673675,75.0984725706623
2024-12-11,0.004119948145488779,0.003723445573138135,0.00039650257235064384,0.0003674954430040228,66.80983999411447
2024-12-12,0.004182889985311765,0.003783121464338139,0.0003997685209736258,0.00037395005859794346,66.79420828376632
2024-12-13,0.00419470358903863,0.0038184219787972683,0.00037628161024136136,0.00037441636892662707,60.99081496975924
2024-12-14,0.004233721280534255,0.0038650809865723,0.000368640293961955,0.00037326115393369267,61.8184728573265
2024-12-15,0.004227264298375638,0.003889278757678296,0.0003379855406973422,0.0003662060312864226,57.95993899475556
2024-12-16,0.00424745084188156,0.0039240341705290985,0.00032341667135246145,0.0003576481592996304,55.24858108996518
2024-12-17,0.004246161409885064,0.003947370123371709,0.0002987912865133552,0.0003458767847423754,59.40726577622054
2024-12-18,0.004211810378712795,0.003952963425882346,0.00025884695283044917,0.0003284708183599902,55.446053913878735
2024-12-19,0.004101987695409385,0.003919259685982959,0.00018272800942642584,0.00029932225657327736,44.32781077709983
2024-12-20,0.003947385698925626,0.0038583570957816254,8.902860314400057e-05,0.000257263525887422,40.246609902472116
2024-12-21,0.00382963711055469,0.003808258042354434,2.1379068200255962e-05,0.00021008663434998883,40.73170676472583
2024-12-22,0.0037220914692346497,0.0037580604423262855,-3.596897309163585e-05,0.0001608755128616639,29.010383132867148
2024-12-23,0.0036424336332001993,0.003717042301043651,-7.460866784345186e-05,0.00011377867672064077,25.395211985409148
2024-12-24,0.003592978304708154,0.003687703908225744,-9.472560351759e-05,7.207782067299462e-05,28.508888085801814
2024-12-25,0.0035747167394803415,0.003671894591374013,-9.717785189367143e-05,3.822668615966141e-05,36.81064213710483
2024-12-26,0.003537696928115055,0.003646871878354159,-0.00010917495023910363,8.746358879908403e-06,28.375121813799055
2024-12-27,0.003474297208493518,0.003608259054074226,-0.00013396184558070803,-1.9795282012214883e-05,29.014672396482297
2024-12-28,0.0034336765032513456,0.003578777837062757,-0.00014510133381141158,-4.4856492372054226e-05,26.173831725252526
2024-12-29,0.003424063667764635,0.0035634011878423843,-0.00013933752007774932,-6.375269791319326e-05,33.60500260993868
2024-12-30,0.003392347048000651,0.0035378089249873,-0.0001454618769866486,-8.009453372788433e-05,27.087997290527795
2024-12-31,0.0033775113514332863,0.003519890857974372,-0.00014237950654108576,-9.255152829052461e-05,30.7332923138905
2025-01-01,0.0034110811764041776,0.0035255074769202765,-0.00011442630051609892,-9.692648273563948e-05,41.562142763802505
2025-01-02,0.003422959582069416,0.0035227506870171617,-9.979110494774592e-05,-9.749940717806077e-05,49.771208891441965
2025-01-03,0.0034631147626311277,0.0035346927291433385,-7.157796651221073e-05,-9.231511904489077e-05,65.37549978370518
2025-01-04,0.0035263836500573453,0.0035598534551995018,-3.346980514215645e-05,-8.05460562643439e-05,67.1883856522197
2025-01-05,0.0035699436486043615,0.0035783475430079055,-8.403894403543992e-06,-6.611762389218393e-05,66.74399246467974
2025-01-06,0.003594468829025182,0.003589533452513964,4.935376511217785e-06,-5.1907023811503594e-05,62.907681325589806
2025-01-07,0.003616112062177248,0.0036003198519213454,1.5792210255902682e-05,-3.836717699802234e-05,60.76917809169215
2025-01-08,0.0035762317332341605,0.003582288005412148,-6.056272177987557e-06,-3.190499603401538e-05,47.26740377274217
2025-01-09,0.0035197609559866564,0.003554649759168684,-3.488880318202768e-05,-3.250175746361784e-05,47.10231886214014
2025-01-10,0.003449606516891152,0.003518287340109217,-6.868082321806511e-05,-3.97375706145073e-05,48.52221608677958
2025-01-11,0.0034078607473477106,0.003493100056757333,-8.523930940962246e-05,-4.883791837353033e-05,49.24598603236889
2025-01-12,0.003382791134743253,0.0034747154796211407,-9.19243448778877e-05,-5.745520367440181e-05,46.88636909437965
2025-01-13,0.0033533351631712636,0.0034537237640584876,-0.00010038860088722396,-6.604188311696625e-05,49.31080982257011
2025-01-14,0.003304198212922567,0.00342262903979895,-0.000118430826876383,-7.651967186884961e-05,43.47554609155073
2025-01-15,0.003279544515673679,0.003401986087280864,-0.00012244157160718524,-8.570405181651674e-05,37.57386035027119
2025-01-16,0.0033055466569569666,0.003405435890742656,-9.98892337856893e-05,-8.854108821035126e-05,49.01408003072341
2025-01-17,0.0032993261401302416,0.0033950416245827003,-9.571548445245874e-05,-8.997596745877277e-05,39.54304502087195
2025-01-18,0.003355081746126539,0.003414796880473328,-5.971513434678902e-05,-8.392380083637602e-05,45.18727642110645
2025-01-19,0.003348321694317301,0.0034071186974283774,-5.8797003111076256e-05,-7.889844129131606e-05,40.01135950312761
2025-01-20,0.0032788608955922815,0.0033693192755895845,-9.045837999730301e-05,-8.121042903251346e-05,35.28522239269414
2025-01-21,0.0032098865176630963,0.003329408769179436,-0.00011952225151633982,-8.887279352927873e-05,34.34584436546858
2025-01-22,0.003157050590219182,0.003295115748445971,-0.00013806515822678903,-9.87112664687808e-05,40.372511560903995
2025-01-23,0.0030904611809059145,0.0032528271322413023,-0.0001623659513353879,-0.00011144220344210222,40.45963466620657
2025-01-24,0.0030393939050378173,0.0032162120770947824,-0.00017681817205696506,-0.0001245173971650748,43.72069833130816
2025-01-25,0.002984634548061359,0.003176748818398194,-0.0001921142703368347,-0.0001380367717994268,39.65299651305353
2025-01-26,0.0029426355420229333,0.0031422963880584458,-0.00019966084603551242,-0.00015036158664664392,38.666276059479074
2025-01-27,0.002878805961018103,0.0030967739345349713,-0.00021796797351686815,-0.00016388286402068878,36.63683671787191
2025-01-28,0.002797757025223026,0.0030416045970397955,-0.00024384757181676944,-0.00017987580557990494,36.36771994956159
2025-01-29,0.002684480033180489,0.0029690010399958506,-0.00028452100681536146,-0.00020080484582699626,29.817688841104584
2025-01-30,0.002616220516379854,0.002915059716586999,-0.0002988392002071451,-0.00022041171670302603,26.378658825777435
2025-01-31,0.002572320863596796,0.0028717866096761085,-0.00029946574607931254,-0.00023622252257828334,31.03563462746419
2025-02-01,0.002560236758495495,0.0028437856889918295,-0.0002835489304963343,-0.00024568780416189356,23.805719500245957
2025-02-02,0.002505819062586725,0.002796580951665656,-0.00029076188907893076,-0.000254702621145301,24.50188142201661
2025-02-03,0.0024182768235910318,0.002732893067032253,-0.0003146162434412214,-0.00026668534560448504,26.254383209195396
2025-02-04,0.002351052384545688,0.0026772208376073673,-0.00032616845306167926,-0.00027858196709592387,28.76676367536524
2025-02-05,0.0022717341607998635,0.0026148699555770313,-0.00034313579477716774,-0.00029149273263217267,25.565121907366958
2025-02-06,0.002199576499711473,0.0025547099117361645,-0.0003551334120246914,-0.0003042208685106764,26.96417136713623
2025-02-07,0.002116654428205073,0.002488478291231254,-0.0003718238630261812,-0.00031774146741377735,23.957621655437904
2025-02-08,0.0020381493863263645,0.002423137058991418,-0.0003849876726650537,-0.00033119070846403264,24.197003653198834
2025-02-09,0.0019903210008273154,0.002371590971701872,-0.0003812699708745566,-0.00034120656094613745,27.420957428052873
2025-02-10,0.0019489903592688471,0.0023234488131089388,-0.00037445845384009163,-0.00034785693952492835,29.863719190398058
2025-02-11,0.001914298709912607,0.002279007763134446,-0.0003647090532218388,-0.0003512273622643104,32.80557332577902
2025-02-12,0.0018849867540964855,0.0022378791137991397,-0.0003528923597026542,-0.0003515603617519792,39.017301432342826
2025-02-13,0.0018737651360457796,0.002206335937722677,-0.0003325708016768975,-0.0003477624497369629,35.17770981644381
2025-02-14,0.0018537886021977807,0.0021720827324123886,-0.000318294130214608,-0.0003418687858324919,29.395542345833874
2025-02-15,0.001852668940270915,0.002147966292950223,-0.000295297352679308,-0.00033255449920185513,26.273890162027882
2025-02-16,0.0018426207152442255,0.002121254380701868,-0.00027863366545764247,-0.0003217703324530126,31.549720475048673
2025-02-17,0.001827074521321998,0.0020931296454461553,-0.0002660551241241572,-0.0003106272907872415,39.29683887535796
2025-02-18,0.001826375059729694,0.0020730850806702935,-0.00024671002094059954,-0.00029784383681791314,41.62876983982541
2025-02-19,0.0018013552085151387,0.0020427636692750928,-0.0002414084607599541,-0.00028655676160632134,41.068106556921734
2025-02-20,0.0017831480112208867,0.0020161151327437897,-0.000232967121522903,-0.0002758388335896377,43.685742889651856
2025-02-21,0.0017759484493917975,0.0019953918532317908,-0.00021944340383999329,-0.0002645597476397088,54.40983124760213
2025-02-22,0.0017549765265646032,0.0019690391938083276,-0.00021406266724372435,-0.00025446033156051193,51.84448610491955
2025-02-23,0.0017518640796932762,0.0019516841144077831,-0.00019982003471450695,-0.00024353227219131094,50.4270763250325
2025-02-24,0.001741784361404816,0.001932029432660413,-0.00019024507125559704,-0.0002328748320041682,48.07721871770981
2025-02-25,0.0016917296468379756,0.0018938367870352233,-0.00020210714019724767,-0.00022672129364278412,37.06229640433434
2025-02-26,0.0016596781192303972,0.0018634336707651117,-0.0002037555515347145,-0.0002221281452211702,40.411024433629166
2025-02-27,0.0016339287708390113,0.0018359428325370583,-0.000202014061698047,-0.00021810532851654558,36.38292487013154
2025-02-28,0.001610060780159206,0.0018094868324543337,-0.0001994260522951276,-0.000214369473272262,38.15775949160444
2025-03-01,0.00158145642310142,0.001780942064071316,-0.00019948564096989598,-0.0002113927068117888,30.290136316793763
2025-03-02,0.0015482598951162524,0.0017501818364510577,-0.00020192194133480533,-0.00020949855371639212,30.30999015806306
2025-03-03,0.0015540163851445734,0.0017379962989584117,-0.00018397991381383831,-0.00020439482573588136,43.73922677645233
2025-03-04,0.001514871313628794,0.0017055205301683076,-0.00019064921653951352,-0.0002016457038966078,31.96891148028277
2025-03-05,0.001475466587187509,0.001672425719915873,-0.0001969591327283639,-0.00020070838966295903,34.79935164671599
2025-03-06,0.0014445390400222302,0.00164294511330086,-0.00019840607327862984,-0.0002002479263860932,34.62438201290948
2025-03-07,0.001411842389329766,0.0016125055353171827,-0.0002006631459874166,-0.00020033097030635791,30.863108123784627
2025-03-08,0.0013878411688375775,0.0015860854553774316,-0.0001982442865398541,-0.00019991363355305718,34.584263060250805
2025-03-09,0.0013589014986065396,0.0015574667781150908,-0.00019856527950855123,-0.000199643962744156,27.815175253644384
2025-03-10,0.0013120272557298994,0.0015201891589886676,-0.00020816190325876824,-0.00020134755084707845,25.74194087611866
2025-03-11,0.0012696185591879194,0.0014843507567085462,-0.00021473219752062684,-0.00020402448018178815,31.91668439859265
2025-03-12,0.0012497157579096092,0.0014588618377582023,-0.00020914607984859313,-0.00020504880011514915,34.22710891746124
2025-03-13,0.0012496120054632611,0.0014433195806656204,-0.00019370757520235926,-0.0002027805551325912,39.758468773565575
2025-03-14,0.0012428580166684582,0.0014257189508605406,-0.00018286093419208238,-0.00019879663094448944,38.78496976599865
2025-03-15,0.0012472435010726858,0.0014142852260039032,-0.00016704172493121742,-0.00019244564974183506,43.78206391954683
2025-03-16,0.001253089029716126,0.001404726278689173,-0.00015163724897304708,-0.00018428396958807745,46.602700413091
2025-03-17,0.001242687079621006,0.0013884855435342602,-0.0001457984639132541,-0.00017658686845311282,31.18720773251107
2025-03-18,0.0012558136961389771,0.0013840058800863755,-0.0001281921839473984,-0.00016690793155196994,51.54535349609737
2025-03-19,0.0012628160983046656,0.0013778816897256035,-0.00011506559142093796,-0.00015653946352576356,52.35058375059778
2025-03-20,0.001275927491404778,0.0013756712055574402,-9.974371415266215e-05,-0.0001451803136511433,53.927853744167685
2025-03-21,0.0012908793498312872,0.0013754818252329696,-8.460247540168246e-05,-0.00013306474600125113,57.672189220228454
2025-03-22,0.0012913875466071794,0.001369459662539756,-7.807211593257668e-05,-0.00012206621998751625,51.967202848535024
2025-03-23,0.001287952925698757,0.0013620228364777322,-7.40699107789752e-05,-0.00011246695814580805,53.67323831296337
2025-03-24,0.0012923378353192202,0.0013586474292002534,-6.630959388103318e-05,-0.00010323548529285309,65.50618832947887
2025-03-25,0.001313648539202261,0.0013639963167083075,-5.034777750604659e-05,-9.26579437354918e-05,70.93569209197791
2025-03-26,0.0013339565188432944,0.00137004476783132,-3.60882489880256e-05,-8.134400478599857e-05,67.90042612966324
2025-03-27,0.0013647809020495764,0.0013822129338944909,-1.743203184491446e-05,-6.856161019778176e-05,67.12478790527581
2025-03-28,0.0013888348333851981,0.0013925031947712781,-3.6683613860799894e-06,-5.558296043544141e-05,69.64552194858757
2025-03-29,0.0013906648323235686,0.0013931125748981915,-2.447742574622925e-06,-4.495591686327771e-05,57.54296685430799
2025-03-30,0.0013771987096792226,0.0013864475719527936,-9.248862273571017e-06,-3.781450594533637e-05,50.95063200772218
2025-03-31,0.0013573599953970244,0.0013762104975003596,-1.8850502103335198e-05,-3.4021705176936137e-05,53.50137518994818
2025-04-01,0.0013482061204961563,0.0013704067427626576,-2.2200622266501345e-05,-3.165748859484918e-05,48.12370213775107
2025-04-02,0.0013546321578061964,0.0013718562701884917,-1.722411238229524e-05,-2.8770813352338392e-05,55.101132181491934
2025-04-03,0.0013421982793957986,0.0013645937278144264,-2.239544841862789e-05,-2.749574036559629e-05,46.044700555853225
2025-04-04,0.0013213117473743954,0.0013528783273286675,-3.156657995427212e-05,-2.830990828333146e-05,41.50153511512863
2025-04-05,0.0013179950612348858,0.0013489431391908093,-3.0948077955923444e-05,-2.883754221784986e-05,50.27992531620745
2025-04-06,0.0013111142556428786,0.001343337708501626,-3.2223452858747524e-05,-2.9514724346029394e-05,50.21112804857627
2025-04-07,0.0012843460676376522,0.0013280623992503137,-4.371633161266144e-05,-3.23550457993558e-05,41.73687878026219
2025-04-08,0.0012649770213278354,0.0013154983153520568,-5.0521294024221406e-05,-3.598829544432892e-05,36.27060957929246
2025-04-09,0.001236798061547488,0.0012981883499745396,-6.13902884270517e-05,-4.106869404087348e-05,32.73872123465928
2025-04-10,0.0012391006655731937,0.0012947495823997274,-5.5648916826533685e-05,-4.398473859800552e-05,37.555016192508596
2025-04-11,0.0012348682237679814,0.001288589598061919,-5.372137429393749e-05,-4.5932065737191915e-05,36.68280668789574
2025-04-12,0.0012366656174165084,0.0012854756487598068,-4.881003134329844e-05,-4.650765885841322e-05,42.84054601582316
2025-04-13,0.0012525248412283314,0.0012894960134585886,-3.697117223025719e-05,-4.460036153278202e-05,51.70725296847829
2025-04-14,0.0012609492135433856,0.001290813587371003,-2.9864373827617405e-05,-4.16531639917491e-05,52.81143006206981
2025-04-15,0.001269819119318903,0.0012928721069053175,-2.3052987586414525e-05,-3.7933128710682186e-05,51.02525629886985
2025-04-16,0.001267700888625989,0.001290144589343069,-2.2443700717079875e-05,-3.483524311196172e-05,43.18155439331053
2025-04-17,0.0012705639975781194,0.0012898606269335703,-1.929662935545081e-05,-3.172752036065954e-05,50.69736182750601
2025-04-18,0.001275488565906508,0.001290802335435724,-1.5313769529216046e-05,-2.8444770194370843e-05,55.6882253493873
2025-04-19,0.0012814869284044174,0.0012925560825992203,-1.1069154194802812e-05,-2.4969646994457237e-05,50.96409945232162
2025-04-20,0.0012924438885453216,0.001297011718652633,-4.567830107311474e-06,-2.0889283617028086e-05,55.12239329439798
2025-04-21,0.0013018221994991247,0.0013011888439187374,6.333555803872837e-07,-1.658475577754501e-05,66.89861067633953
2025-04-22,0.0013156447578809025,0.0013078910650344369,7.75369284646563e-06,-1.1717066052742884e-05,67.75223321551123
2025-04-23,0.0013569303024157267,0.0013283436377990905,2.858666461663618e-05,-3.656319918867071e-06,82.50073282118727
2025-04-24,0.0013921155326801899,0.0013474022053054347,4.471332737475517e-05,6.017609539857377e-06,77.62628295394722
2025-04-25,0.0014208087718869708,0.001364529566951274,5.6279204935696676e-05,1.6069928619025237e-05,82.1338825734475
2025-04-26,0.0014531274239168164,0.0013842592294053253,6.886819451149104e-05,2.6629581797518398e-05,82.65908960525658
2025-04-27,0.0014834974820237454,0.0014039831977169202,7.951428430682519e-05,3.7206522299379754e-05,80.1819261557493
2025-04-28,0.0014983752882034788,0.0014170365328632234,8.133875534025543e-05,4.603296890755489e-05,74.68923226468385
2025-04-29,0.0015156005857689817,0.001431355287642188,8.424529812679359e-05,5.3675434751402634e-05,75.52252928028761
2025-04-30,0.0015275323051894575,0.0014433405820392167,8.419172315024081e-05,5.977869243117027e-05,82.03477000521163
2025-05-01,0.0015387738089948579,0.0014549895818825756,8.378422711228226e-05,6.457979936739267e-05,81.22045290309562
2025-05-02,0.0015431578852610852,0.0014633066724635208,7.985121279756443e-05,6.763408205342702e-05,75.43151305220196
2025-05-03,0.001546190696118104,0.0014706818193796828,7.550887673842118e-05,6.920904099042586e-05,74.21432336705524
2025-05-04,0.0015356365135320924,0.0014711934260411158,6.444308749097667e-05,6.825585029053604e-05,61.150936367598185
2025-05-05,0.0015233619295972995,0.0014700570032199916,5.3304926377307875e-05,6.52656655078904e-05,58.816592258673545
2025-05-06,0.0015089175061998264,0.0014670507939084163,4.1866712291410094e-05,6.058587486459435e-05,53.321341400793955
2025-05-07,0.0014983630379477979,0.0014650702508456923,3.3292787102105585e-05,5.51272573120966e-05,31.465484988792056
2025-05-08,0.0014963071908015123,0.001466546530893933,2.9760659907579305e-05,5.0053937831193146e-05,38.316655023127986
2025-05-09,0.0015734392003202394,0.0015058886584331408,6.755054188709855e-05,5.3553258642374235e-05,72.37700433378708
2025-05-10,0.001671521856981607,0.0015581173851135844,0.00011340447186802263,6.552350128750391e-05,76.43099044386472
2025-05-11,0.0017966667617082357,0.0016267726704907036,0.0001698940912175321,8.639761927350955e-05,80.86566562509915
2025-05-12,0.0018968220810378054,0.0016875803495173508,0.00020924173152045466,0.00011096644172289858,82.89193032957014
2025-05-13,0.0019829528771458773,0.0017445501203486784,0.00023840275679719888,0.00013645370473775866,82.61318976025986
2025-05-14,0.0020805477167304062,0.001809199691763244,0.00027134802496716227,0.00016343256878363939,85.53664120804342
2025-05-15,0.0021455134727653125,0.0018605793539257663,0.0002849341188395462,0.00018773287879482077,79.14074192985774
2025-05-16,0.0021744477104335847,0.0018956168845689749,0.00027883082586460987,0.0002059524682087786,72.75349847138152
2025-05-17,0.002190632245215922,0.0019240635736022934,0.00026656867161362844,0.00021807570888974858,70.67435008320992
2025-05-18,0.0021906995758182554,0.0019438418195673896,0.0002468577562508658,0.00022383211836197206,70.54028233306936
2025-05-19,0.0022267409327876935,0.001979480825237924,0.00024726010754976945,0.00022851771619953156,74.8625657645288
2025-05-20,0.00225037754203875,0.0020091769783995264,0.0002412005636392234,0.00023105428568746992,74.16952579636188
2025-05-21,0.0022676735209406175,0.0020353713803625906,0.00023230214057802685,0.00023130385666558133,73.36719174717453
2025-05-22,0.002299039735533603,0.00206768119780203,0.0002313585377315729,0.00023131479287877966,74.20442832278115
2025-05-23,0.0023639809519131793,0.0021160868603352758,0.0002478940915779035,0.00023463065261860444,70.38121493272719
2025-05-24,0.0023853243455996104,0.002144725834449328,0.00024059851115028254,0.00023582422432494006,58.19469261264589
2025-05-25,0.0024004244334059825,0.002169818359033898,0.0002306060743720844,0.00023478059433436894,49.95119528307662
2025-05-26,0.0024059811413293633,0.0021895757424319766,0.00021640539889738672,0.0002311055552469725,49.63733488402856
2025-05-27,0.002417903024141154,0.0022113459377782006,0.00020655708636295326,0.00022619586147016866,50.85198521545578
2025-05-28,0.002430750195390822,0.0022328321377401115,0.00019791805765071065,0.00022054030070627707,45.94764520212825
2025-05-29,0.002444613174423205,0.0022541675022853852,0.00019044567213781982,0.00021452137499258564,50.675392058716476
2025-05-30,0.002442174717221803,0.0022671005171245482,0.00017507420009725463,0.00020663194001351945,53.78298121024074
2025-05-31,0.0023896561910166834,0.0022547822785885466,0.00013487391242813672,0.0001922803344964429,44.163035504784
2025-06-01,0.0023449790485846602,0.002243261722041879,0.0001017173265427814,0.00017416773290571062,46.822912817757796
2025-06-02,0.0023118845858123233,0.002234861967858367,7.702261795395618e-05,0.00015473870991535973,38.11666983588437
2025-06-03,0.0022988460069499122,0.002234289512698981,6.455649425093132e-05,0.00013670226678247406,44.08022472110005
2025-06-04,0.0022850321659411772,0.0022324203666022517,5.2611799338925496e-05,0.00011988417329376435,44.063193308996425
2025-06-05,0.0022622914278802894,0.002225368292672115,3.692313520817442e-05,0.00010329196567664637,36.71089906673988
2025-06-06,0.002210525339794461,0.0022031789269425068,7.346412851954101e-06,8.410285511170791e-05,17.396831505909887
2025-06-07,0.0021774382973586263,0.002187792307462435,-1.0354010103808594e-05,6.521148206860461e-05,26.317373831447554
2025-06-08,0.0021613481477047265,0.0021792782346584235,-1.793008695369705e-05,4.8583168264144275e-05,31.816290800727742
2025-06-09,0.002152243015258917,0.0021735661274101675,-2.13231121512507e-05,3.4601912181065284e-05,34.95790884935805
2025-06-10,0.0021720178517269893,0.002181507855179888,-9.490003452898577e-06,2.5783529054272512e-05,41.8476305087403
2025-06-11,0.002200640115784298,0.002194585982062822,6.054133721476295e-06,2.183764998771327e-05,44.49726069758001
2025-06-12,0.002207915626769441,0.0021985374602202226,9.378166549218418e-06,1.93457533000143e-05,40.20489015514691
2025-06-13,0.0021881606230040903,0.0021897204707442552,-1.5598477401648943e-06,1.5164633091978465e-05,38.11665122727106
2025-06-14,0.002161576324249039,0.0021768050789184776,-1.5228754669438429e-05,9.085955539695087e-06,46.45676645195494
2025-06-15,0.0021325495644770854,0.00216170117571943,-2.9151611242344763e-05,1.438442183287117e-06,44.93216865064809
2025-06-16,0.002112296141902486,0.0021497901492025977,-3.74940073001118e-05,-6.3480477133926665e-06,44.81661739277979
2025-06-17,0.002082547704903149,0.002132689493810316,-5.01417889071671e-05,-1.5106795952147553e-05,37.458225532206484
2025-06-18,0.0020433388516506424,0.0021100969504733932,-6.675809882275086e-05,-2.5437056526268218e-05,35.353118579768136
2025-06-19,0.0020149644515376447,0.0020914901579135977,-7.652570637595299e-05,-3.565478649620517e-05,38.966757908548686
2025-06-20,0.001990139457112685,0.0020738688119774354,-8.372935486475027e-05,-4.52697001699142e-05,46.5781898257805
2025-06-21,0.0019567634824689886,0.002051596723825674,-9.48332413566854e-05,-5.518240840726844e-05,39.57388393298362
2025-06-22,0.001908910986305788,0.0020215319485354898,-0.00011262096222970186,-6.667011917175513e-05,30.863015618804923
2025-06-23,0.0018606814606531017,0.001989968031574589,-0.0001292865709214871,-7.919340952170153e-05,27.715105707011816
2025-06-24,0.0018496943126848078,0.0019751011402623373,-0.0001254068275775295,-8.843609313286712e-05,28.670658403662372
2025-06-25,0.0018427397686157938,0.0019624632614455876,-0.00011972349282979387,-9.469357307225246e-05,24.61011283295754
2025-06-26,0.0018213141886069346,0.0019432788345650413,-0.00012196464595810668,-0.0001001477876494233,24.817627980361777
2025-06-27,0.0017940699639657273,0.0019211268267038594,-0.0001270568627381322,-0.0001055296026671651,27.605592228505714
2025-06-28,0.0017720501249591162,0.0019011130625348888,-0.00012906293757577255,-0.0001102362696488866,30.073653537459222
2025-06-29,0.0017640288354401049,0.0018876907425756778,-0.000123661907135573,-0.00011292139714622389,36.556382038209215
2025-06-30,0.001780979736552204,0.0018866921462862756,-0.00010571240973407153,-0.00011147959966379343,44.064418769816776
2025-07-01,0.0017766477558206358,0.0018767758289167003,-0.00010012807309606447,-0.00010920929435024764,42.494921833487
2025-07-02,0.0017592135613017212,0.0018609646928078847,-0.00010175113150616357,-0.00010771766178143083,42.5620263815281
2025-07-03,0.00176732413462854,0.0018573326628166372,-9.000852818809735e-05,-0.00010417583506276413,48.07849147097496
2025-07-04,0.0017755603191051497,0.0018546309347358867,-7.907061563073702e-05,-9.915479117635871e-05,48.664565550685694
2025-07-05,0.0017694252581107175,0.0018458199338399945,-7.639467572927703e-05,-9.460276808694238e-05,48.475925969491485
2025-07-06,0.0017659027646562432,0.0018384650536041902,-7.256228894794692e-05,-9.01946722591433e-05,54.524292161190736
2025-07-07,0.0017721737167532706,0.0018361094165436518,-6.393569979038123e-05,-8.49428777653909e-05,59.39790733607341
2025-07-08,0.001773533091448534,0.0018320279525235652,-5.849486107503124e-05,-7.965327442731898e-05,49.56810018958564
2025-07-09,0.001783268143436397,0.0018323822471047564,-4.911410366835933e-05,-7.354544027552706e-05,51.622094971901106
2025-07-10,0.0018162693892111656,0.0018446336540579146,-2.836426484674904e-05,-6.450920518977145e-05,63.93179269044559
2025-07-11,0.0018780326094175119,0.0018722704441686184,5.76216524889343e-06,-5.0454931102038476e-05,73.56345515727236
2025-07-12,0.0019318652415143281,0.0018986166866781149,3.324855483621326e-05,-3.3714233914388126e-05,73.63927320244912
2025-07-13,0.001971791581827308,0.0019203033360759357,5.148824575137252e-05,-1.6673737981235998e-05,69.842843155709
2025-07-14,0.002008698620228038,0.0019418873357319442,6.681128449609374e-05,2.3266514229948828e-08,66.00899601793287
2025-07-15,0.002037867215126437,0.001960880458053106,7.698675707333092e-05,1.5415964626050143e-05,73.54431791558724
2025-07-16,0.0020806124662418398,0.0019871642276326207,9.344823860921907e-05,3.102241942268393e-05,83.49173584113888
2025-07-17,0.0021366414657975974,0.002021063245093483,0.00011557822070411457,4.793357967897006e-05,83.15415880408142
2025-07-18,0.0021840695207533127,0.002052460324939132,0.00013160919581418082,6.466870290601222e-05,82.99731727206536
2025-07-19,0.002206383800364785,0.0020729530666642247,0.0001334307337005603,7.842110906492183e-05,80.39291088081373
2025-07-20,0.0022392402719360388,0.0020986566073244997,0.0001405836646115391,9.085362017424528e-05,81.87778659912968
2025-07-21,0.002284262153932435,0.0021307474145532486,0.00015351473937918634,0.00010338584401523349,82.72492303965785
2025-07-22,0.002325589735459698,0.002162017341909278,0.00016357239355041997,0.0001154231539222708,84.97720258072472
2025-07-23,0.0023585015450218383,0.002189980242331821,0.00016852130269001718,0.00012604278367582008,83.11585290450354
2025-07-24,0.0023484416345011475,0.0021976196411692675,0.00015082199333188006,0.00013099862560703206,62.88079264999279
2025-07-25,0.002329507807762874,0.0021996753537272752,0.0001298324540355989,0.00013076539129274544,50.384298643927195
2025-07-26,0.0023181016925941916,0.0022038007393153612,0.00011430095327883034,0.0001274725036899624,51.35225192545379
2025-07-27,0.0023053580091906478,0.0022061316290306054,9.922638016004234e-05,0.0001218232789839784,52.19949778398438
2025-07-28,0.002304237739553652,0.0022129423421802033,9.129539737344873e-05,0.00011571770266187247,54.153163765947475
2025-07-29,0.00227800048129516,0.002207072210231555,7.09282710636052e-05,0.00010675981634221901,47.28809619511743
2025-07-30,0.0022464739831420384,0.002197146731199578,4.9327251942460435e-05,9.52733034622673e-05,39.30402164353375
2025-07-31,0.0022152993304523742,0.0021857905837521442,2.9508746700229998e-05,8.212039210985985e-05,30.61815420275191
