date,tweet_count,price_diff_rate,category,weekday_name,weekday_num
2021-05-09,86124,-0.0954509620281656,0,Sunday,6
2021-05-04,50001,0.2322164720283933,4,Tuesday,1
2021-05-16,42234,0.01681772146326276,3,Sunday,6
2021-05-11,42077,0.10108406009421209,4,Tuesday,1
2021-05-12,41564,-0.16415149302579404,0,Wednesday,2
2021-05-17,37518,-0.05854290798704619,1,Monday,0
2021-04-20,37310,-0.20447724083174368,0,Tuesday,1
2021-05-25,35883,-0.050053979491883664,1,Tuesday,1
2021-05-08,31173,-0.0707297546657709,0,Saturday,5
2021-05-19,31045,-0.292782720413946,0,Wednesday,2
2021-05-03,26238,0.16563537890915897,4,Monday,0
2021-05-20,26001,0.1743505568015731,4,Thursday,3
2021-04-15,25940,0.4967000918597904,4,Thursday,3
2021-05-15,25018,-0.10278538560341949,0,Saturday,5
2021-05-05,24076,0.2048446640439767,4,Wednesday,2
2021-05-07,23920,0.17330763560660184,4,Friday,4
2021-04-14,23795,0.28144724307468083,4,Wednesday,2
2021-05-10,23093,-0.21287630368603955,0,Monday,0
2021-05-18,22903,-0.012720602935025867,1,Tuesday,1
2021-05-27,21730,-0.057441127735493216,1,Thursday,3
2021-05-24,20257,0.1740934359570875,4,Monday,0
2021-05-13,19119,0.17761560833649662,4,Thursday,3
2021-05-26,18900,0.026847765299006704,3,Wednesday,2
2021-05-23,17019,-0.09867318937479773,0,Sunday,6
2021-04-13,16228,0.32037110161604426,4,Tuesday,1
2024-11-15,15629,0.044461366031825426,3,Friday,4
2021-05-14,14932,0.1552646315092249,4,Friday,4
2024-11-13,14830,0.033971335313242146,3,Wednesday,2
2021-05-02,14634,-0.03740578582371015,1,Sunday,6
2021-10-28,14419,0.2525957228644585,4,Thursday,3
2021-05-28,13175,-0.06697521384376734,0,Friday,4
2024-11-12,12745,0.10977856557593209,4,Tuesday,1
2021-06-07,12743,-0.1058324412599119,0,Monday,0
2021-06-11,12604,-0.037552079682837636,1,Friday,4
2021-10-27,12400,-0.06859820217609869,0,Wednesday,2
2021-06-23,12399,0.24969460949392688,4,Wednesday,2
2021-06-09,12283,0.05210163264485465,3,Wednesday,2
2025-01-21,11966,0.05070460602600697,3,Tuesday,1
2021-06-08,11962,-0.0169173015908141,1,Tuesday,1
2021-04-11,11622,0.16848663711242298,4,Sunday,6
2021-05-29,11339,-0.028096282259925956,1,Saturday,5
2021-04-16,11037,1.0802651173942082,4,Friday,4
2021-07-01,10954,-0.031037701180746256,1,Thursday,3
2021-07-02,10364,-0.0008462654747020677,2,Friday,4
2022-04-25,10324,0.19374183556356334,4,Monday,0
2021-05-01,10282,0.161246586040085,4,Saturday,5
2021-06-10,10219,-0.04375069760905135,1,Thursday,3
2021-04-01,10170,0.1326029753296319,4,Thursday,3
2022-04-26,9675,-0.12336117029346065,0,Tuesday,1
2021-06-21,9673,-0.37299247393945245,0,Monday,0
2021-06-19,9632,-0.01842372833108075,1,Saturday,5
2024-11-11,9605,0.25298513802740147,4,Monday,0
2021-06-22,9521,0.0694189113165053,4,Tuesday,1
2021-07-26,9425,0.018306482485663866,3,Monday,0
2025-07-28,8965,-0.06393212915890012,0,Monday,0
2025-01-19,8918,-0.09727332541589595,0,Sunday,6
2024-12-02,8864,-0.0386257678556873,1,Monday,0
2021-06-26,8767,-0.006669859897841728,2,Saturday,5
2021-07-20,8528,0.0004558253112249401,2,Tuesday,1
2024-11-06,8261,0.15215081608101544,4,Wednesday,2
2025-01-22,8215,-0.022370540356242394,1,Wednesday,2
2025-07-19,8189,0.02171426810420816,3,Saturday,5
2025-01-03,8166,0.1186383194981161,4,Friday,4
2021-08-18,8042,0.023922920633237543,3,Wednesday,2
2024-11-10,7969,0.275612675839447,4,Sunday,6
2025-01-20,7916,-0.011951259531997297,1,Monday,0
2025-01-18,7876,-0.04456820688265548,1,Saturday,5
2025-01-12,7865,-0.016545023995123902,1,Sunday,6
2024-03-28,7827,0.15943708847787152,4,Thursday,3
2025-07-16,7644,0.07224486154698394,4,Wednesday,2
2025-01-06,7422,0.013447161757442077,3,Monday,0
2025-01-17,7358,0.09866703729380036,4,Friday,4
2021-06-24,7345,0.11509144490459709,4,Thursday,3
2025-01-14,7187,0.05376462780998807,3,Tuesday,1
2021-06-14,7141,0.009115940436447933,3,Monday,0
2021-10-11,7100,0.011612702803672667,3,Monday,0
2025-01-07,6982,-0.10003705499023129,0,Tuesday,1
2021-06-18,6801,-0.046842497819539204,1,Friday,4
2021-09-23,6739,0.0038993905285080598,2,Thursday,3
2024-12-31,6734,0.008687950810669287,3,Tuesday,1
2021-07-03,6731,0.006682547980721151,3,Saturday,5
2025-01-01,6719,0.025091140039209786,3,Wednesday,2
2021-11-01,6694,-0.027470327302432474,1,Monday,0
2021-08-16,6685,-0.051937725928021275,1,Monday,0
2025-01-05,6680,-0.030555750196480533,1,Sunday,6
2024-11-07,6633,-0.014624065056790266,1,Thursday,3
2021-10-05,6569,0.03484442461761673,3,Tuesday,1
2022-04-05,6471,0.15943558154746695,4,Tuesday,1
2021-07-16,6453,-0.043380267205579706,1,Friday,4
2025-01-11,6413,0.021801441872953086,3,Saturday,5
2021-03-01,6358,0.05773638507329988,3,Monday,0
2021-06-13,6340,0.03823185492338424,3,Sunday,6
2025-01-13,6310,0.007109278003347183,3,Monday,0
2024-11-16,6282,-0.03768080581931867,1,Saturday,5
2024-11-09,6275,0.07819185049418748,4,Saturday,5
2021-07-17,6231,0.0505718134689457,3,Saturday,5
2025-01-08,6221,-0.018752239211915867,1,Wednesday,2
2021-09-08,6096,0.00482730260205296,2,Wednesday,2
2021-03-19,6033,0.013807002401431095,3,Friday,4
2025-01-24,6030,-0.004813699853001654,2,Friday,4
2025-07-18,6020,0.07845092023259069,4,Friday,4
2021-03-18,6003,-0.012423267082399918,1,Thursday,3
2021-09-24,5973,-0.07278856451968976,0,Friday,4
2021-07-21,5948,0.1076593226459079,4,Wednesday,2
2025-06-04,5879,-0.02486151176960936,1,Wednesday,2
2021-09-07,5850,-0.17556922009844222,0,Tuesday,1
2025-07-14,5818,-0.004952226577883159,2,Monday,0
2025-07-15,5815,0.008142890114467732,3,Tuesday,1
2021-06-28,5753,-0.016462376850147512,1,Monday,0
2021-06-29,5750,0.02296668917191005,3,Tuesday,1
2021-08-03,5693,-0.036115625151719774,1,Tuesday,1
2024-12-01,5681,0.04547292204371236,3,Sunday,6
2021-10-04,5614,0.09471353063910984,4,Monday,0
2025-01-16,5574,-0.02408961355512189,1,Thursday,3
2024-12-30,5510,-0.00491909928940702,2,Monday,0
2021-03-20,5482,0.012249898062195334,3,Saturday,5
2021-04-07,5477,-0.0877503335936137,0,Wednesday,2
2021-04-06,5449,0.08053292769228655,4,Tuesday,1
2024-11-08,5384,0.045700678216378306,3,Friday,4
2021-10-12,5384,-0.024184067073102535,1,Tuesday,1
2021-09-20,5371,-0.1143649832652412,0,Monday,0
2022-05-13,5192,0.06541570432347914,3,Friday,4
2021-06-27,5180,0.08308463238180971,4,Sunday,6
2021-04-19,5173,0.2792864966945802,4,Monday,0
2025-05-23,5132,-0.07866956529372536,0,Friday,4
2025-05-09,5117,0.040554151625346875,3,Friday,4
2021-03-04,5101,-0.012011718446330782,1,Thursday,3
2021-04-23,5088,-0.05506544079002212,1,Friday,4
2021-04-02,5077,-0.06049164554512881,0,Friday,4
2025-01-25,5067,0.010711495131308502,3,Saturday,5
2021-04-10,5052,0.038089173181227225,3,Saturday,5
2021-04-12,4985,-0.0485212539979471,1,Monday,0
2021-10-08,4944,-0.001935232892321494,2,Friday,4
2025-05-26,4905,0.0072422595703545345,3,Monday,0
2021-08-17,4884,-0.0710587354572549,0,Tuesday,1
2025-06-03,4881,-0.012335716573037309,1,Tuesday,1
2021-03-05,4730,-0.00440217924394621,2,Friday,4
2025-06-07,4644,0.03186567945163349,3,Saturday,5
2025-04-23,4635,-0.00037695602839298866,2,Wednesday,2
2025-03-25,4608,0.04581092568307422,3,Tuesday,1
2025-03-27,4548,-0.021500687924166127,1,Thursday,3
2025-05-21,4538,0.034880500082649445,3,Wednesday,2
2021-10-10,4521,-0.07228022951219505,0,Sunday,6
2025-04-29,4481,-0.02607686852893462,1,Tuesday,1
2025-05-18,4446,0.07335913714296555,4,Sunday,6
2021-04-09,4445,-0.0022832801428390543,2,Friday,4
2025-02-03,4439,0.07468968647631152,4,Monday,0
2025-07-30,4431,-0.013938151744677926,1,Wednesday,2
2025-02-19,4425,0.014698036497043258,3,Wednesday,2
2025-04-01,4415,0.04613128712074803,3,Tuesday,1
2021-03-15,4405,-0.03307889549695826,1,Monday,0
2025-04-21,4379,0.026153471955755677,3,Monday,0
2025-04-15,4360,-0.03236702297228782,1,Tuesday,1
2021-03-17,4338,-0.0052084213001208106,2,Wednesday,2
2025-07-09,4324,0.05755194271695536,3,Wednesday,2
2025-05-08,4316,0.1456625428370875,4,Thursday,3
2021-07-27,4315,-0.0072360559437451965,2,Tuesday,1
2025-04-22,4298,0.12184680174752681,4,Tuesday,1
2022-05-14,4296,0.017679218157491083,3,Saturday,5
2025-02-04,4284,-0.07053077699630811,0,Tuesday,1
2025-03-02,4269,0.16225638694548422,4,Sunday,6
2025-03-24,4260,0.06062666931281207,3,Monday,0
2025-02-07,4219,-0.004391163525315087,2,Friday,4
2025-05-30,4193,-0.10608745990964881,0,Friday,4
2025-07-23,4182,-0.10754006059873472,0,Wednesday,2
2022-01-25,4167,0.04290487100016686,3,Tuesday,1
2025-06-10,4134,0.015603766050304101,3,Tuesday,1
2025-05-29,4130,-0.023648781316767224,1,Thursday,3
2021-03-30,4115,-0.004530761137761123,2,Tuesday,1
2025-04-30,4072,-0.011405475195567404,1,Wednesday,2
2025-03-31,4047,0.0009568112313225948,2,Monday,0
2021-03-16,4044,0.03150884040013919,3,Tuesday,1
2021-03-28,4026,-0.007000887222516397,2,Sunday,6
2022-05-12,4021,-0.014521734833196633,1,Thursday,3
2025-02-05,3969,-0.031557252161227026,1,Wednesday,2
2025-03-15,3936,0.0251800345210503,3,Saturday,5
2025-05-07,3933,-0.0012137028157080108,2,Wednesday,2
2025-04-14,3912,-0.025019365475361398,1,Monday,0
2025-02-06,3909,-0.033591875314106706,1,Thursday,3
2025-06-09,3907,0.05752322781382896,3,Monday,0
2021-04-05,3906,0.033125466877563126,3,Monday,0
2021-05-22,3876,-0.0262364278163267,1,Saturday,5
2025-04-04,3856,0.05577482506047762,3,Friday,4
2021-03-29,3797,0.009077955567604379,3,Monday,0
2021-11-02,3780,0.00660833261406107,3,Tuesday,1
2025-05-04,3770,-0.028762512602482,1,Sunday,6
2025-02-12,3721,0.04304541666188469,3,Wednesday,2
2025-04-25,3701,-0.004025434335419626,2,Friday,4
2025-04-20,3682,-0.014502624465924254,1,Sunday,6
2025-05-27,3675,0.001831879067372399,2,Tuesday,1
2025-07-13,3662,0.006354267596818182,3,Sunday,6
2025-04-02,3644,-0.05754011325855786,1,Wednesday,2
2021-03-03,3643,0.003660308003659947,2,Wednesday,2
2024-12-03,3643,-0.03514674082949756,1,Tuesday,1
2021-09-04,3633,0.013930560526029371,3,Saturday,5
2025-02-25,3626,0.005408049164758424,2,Tuesday,1
2025-02-09,3623,-0.015044385523739885,1,Sunday,6
2022-04-22,3623,0.0007511945269288265,2,Friday,4
2025-02-13,3606,-0.006545181548521115,2,Thursday,3
2014-05-17,3603,-0.013641556538888428,1,Saturday,5
2021-03-31,3598,-0.00488940352669693,2,Wednesday,2
2025-05-02,3598,0.0037871162026753284,2,Friday,4
2025-04-03,3561,-0.013528764203870256,1,Thursday,3
2021-10-15,3550,0.008827248493666477,3,Friday,4
2014-05-13,3522,0.006010965442239344,3,Tuesday,1
2021-04-04,3517,0.030375598149452447,3,Sunday,6
2025-02-24,3494,-0.13542346551257406,0,Monday,0
2024-05-14,3480,-0.02018789387656729,1,Tuesday,1
2025-03-09,3469,-0.1259826800447306,0,Sunday,6
2021-09-28,3457,-0.018267584343340384,1,Tuesday,1
2025-02-21,3440,-0.06062523896358408,0,Friday,4
2025-02-18,3409,-0.028041514172841706,1,Tuesday,1
2021-11-09,3401,-0.028730856660315454,1,Tuesday,1
2021-07-13,3383,-0.04817459984451582,1,Tuesday,1
2025-04-05,3379,-0.009866525566464699,2,Saturday,5
2025-02-28,3354,-0.023123448046273108,1,Friday,4
2025-06-24,3352,0.006947019359214934,3,Tuesday,1
2021-11-28,3308,0.015419132701803711,3,Sunday,6
2025-05-24,3294,-0.001502672041306814,2,Saturday,5
2025-02-14,3289,0.036864176227860854,3,Friday,4
2024-03-30,3288,-0.06208865859508424,0,Saturday,5
2025-02-11,3274,-0.0066973493875981185,2,Tuesday,1
2025-02-02,3271,-0.1405282770028551,0,Sunday,6
2025-04-18,3258,0.011196157575137257,3,Friday,4
2025-04-16,3256,0.008154613409715565,3,Wednesday,2
2025-04-27,3251,-0.012445987506716447,1,Sunday,6
2025-07-31,3239,-0.048435270986162134,1,Thursday,3
2025-02-22,3228,0.030642167749801507,3,Saturday,5
2021-07-19,3198,-0.06186942740972733,0,Monday,0
2024-10-01,3191,-0.060904516883405736,0,Tuesday,1
2022-02-13,3190,0.03113748235733703,3,Sunday,6
2025-02-08,3190,0.026544498917614557,3,Saturday,5
2025-04-26,3180,-0.0008189138810651056,2,Saturday,5
2025-04-13,3180,-0.029795135145112332,1,Sunday,6
2021-09-21,3177,-0.038839094463341835,1,Tuesday,1
2014-05-14,3166,-0.01960056048525634,1,Wednesday,2
2021-04-21,3160,-0.05305923199111108,1,Wednesday,2
2022-04-29,3157,-0.015554382840981595,1,Friday,4
2025-03-10,3133,-0.07794585740234174,0,Monday,0
2025-02-17,3127,-0.027765616426565182,1,Monday,0
2025-02-15,3112,-0.0012655387701969148,2,Saturday,5
2025-03-17,3108,0.031600730571310284,3,Monday,0
2021-08-23,3104,0.01249576793430878,3,Monday,0
2025-03-28,3097,-0.054860687544708985,1,Friday,4
2021-12-03,3040,-0.04038718289627657,1,Friday,4
2014-05-27,3031,0.003649501734054296,2,Tuesday,1
2022-04-18,3031,0.006011101929135939,3,Monday,0
2021-09-09,3015,-0.014661566831498775,1,Thursday,3
2022-04-28,2990,-0.02161758871781572,1,Thursday,3
2025-03-11,2976,0.06333675330878281,3,Tuesday,1
2014-05-12,2953,0.005469851138615671,2,Monday,0
2022-05-27,2951,0.03339816151570074,3,Friday,4
2021-10-29,2950,-0.03593341208945986,1,Friday,4
2025-03-12,2938,0.04800275176843408,3,Wednesday,2
2021-09-22,2921,0.12546574038116431,4,Wednesday,2
2024-06-12,2921,0.05820222828024005,3,Wednesday,2
2021-11-06,2906,0.002695159173297979,2,Saturday,5
2014-05-20,2884,-0.010208440308983519,1,Tuesday,1
2025-04-19,2870,-0.0019381178597200905,2,Saturday,5
2025-03-20,2846,-0.04742230222631086,1,Thursday,3
2021-07-14,2830,-0.003113440534962221,2,Wednesday,2
2014-04-16,2830,-0.1148674606223589,0,Wednesday,2
2025-02-23,2828,-0.014878947193941432,1,Sunday,6
2024-03-01,2819,0.1779313450766351,4,Friday,4
2025-03-26,2775,0.020683493977124698,3,Wednesday,2
2025-03-29,2763,-0.05946735264268581,0,Saturday,5
2024-07-21,2744,0.04153723484049797,3,Sunday,6
2025-02-16,2731,-0.022764679817525463,1,Sunday,6
2025-01-10,2726,0.04033165025345905,3,Friday,4
2025-03-16,2709,-0.044531385559072774,1,Sunday,6
2025-06-13,2706,-0.008589326801648273,2,Friday,4
2021-09-25,2694,0.005962943571931171,2,Saturday,5
2022-05-04,2688,0.04723193796374035,3,Wednesday,2
2014-05-21,2682,-0.05723998534742617,1,Wednesday,2
2024-04-25,2626,0.0015327361600452898,2,Thursday,3
2021-06-25,2619,-0.07802711321435754,0,Friday,4
2021-10-09,2615,0.01726823964844068,3,Saturday,5
2014-01-20,2601,1.3586689818696898,4,Monday,0
2025-02-10,2597,0.02207463561141371,3,Monday,0
2024-02-28,2592,0.18735001457806327,4,Wednesday,2
2021-08-30,2576,-0.03317754297985244,1,Monday,0
2014-05-22,2571,-0.03314415357754092,1,Thursday,3
2021-06-06,2533,-0.0010909054396405907,2,Sunday,6
2024-03-24,2481,0.08742967738866585,4,Sunday,6
2025-03-18,2478,-0.030781567982638657,1,Tuesday,1
2021-06-30,2462,-0.03739192806211448,1,Wednesday,2
2024-02-27,2455,0.09936998367960004,4,Tuesday,1
2025-04-28,2455,-0.00305790043599443,2,Monday,0
2014-05-23,2451,0.035269883506170475,3,Friday,4
2021-08-06,2450,0.022641803124172716,3,Friday,4
2014-05-19,2422,0.034640469056255195,3,Monday,0
2024-03-29,2400,-0.03083032445324583,1,Friday,4
2014-04-21,2389,-0.055877766746924296,1,Monday,0
2021-07-12,2364,-0.029185445166405585,1,Monday,0
2024-02-02,2356,-0.0001195960533078582,2,Friday,4
2024-03-03,2346,0.07808712749279757,4,Sunday,6
2025-05-31,2325,9.375890047451713e-05,2,Saturday,5
2025-06-30,2288,-0.02601705866727778,1,Monday,0
2014-05-18,2283,0.009320376840439818,3,Sunday,6
2022-04-20,2271,-0.013007442253725477,1,Wednesday,2
2025-05-03,2260,-0.030984590153273383,1,Saturday,5
2021-08-28,2259,-0.026546352252052163,1,Saturday,5
2014-10-22,2255,-0.0314741630814672,1,Wednesday,2
2024-03-02,2231,0.02689812732129083,3,Saturday,5
2014-02-07,2219,0.008541223202914236,3,Friday,4
2025-06-02,2214,0.008522116760063744,3,Monday,0
2025-06-26,2212,-0.027003112497275453,1,Thursday,3
2025-06-08,2211,-0.004291162401683295,2,Sunday,6
2021-09-05,2211,0.042413597808332607,3,Sunday,6
2014-05-28,2199,0.003533086168815886,2,Wednesday,2
2014-04-23,2176,0.005101939953565427,2,Wednesday,2
2013-12-26,2167,-0.023465716932223595,1,Thursday,3
2021-07-29,2158,0.00089600672589811,2,Thursday,3
2024-04-16,2151,-0.03584553038010974,1,Tuesday,1
2014-09-26,2149,-0.1599505249164527,0,Friday,4
2014-02-05,2097,-0.0017371296218696394,2,Wednesday,2
2014-02-06,2064,-0.14305885226257978,0,Thursday,3
2021-06-16,2052,-0.044589734452265176,1,Wednesday,2
2022-05-09,2024,-0.15413450835756393,0,Monday,0
2025-03-19,2002,0.057806034485532516,3,Wednesday,2
2014-04-09,1994,-0.2547972129833304,0,Wednesday,2
2021-07-28,1981,0.01899914155525015,3,Wednesday,2
2022-04-24,1979,-0.017373488385827748,1,Sunday,6
2021-07-11,1975,0.010586906802392295,3,Sunday,6
2014-10-29,1959,0.00137539077565978,2,Wednesday,2
2025-07-29,1956,-0.0075867653797968265,2,Tuesday,1
2025-05-28,1941,-0.022431415113685665,1,Wednesday,2
2014-09-18,1934,-0.06852683359912087,0,Thursday,3
2014-04-08,1931,-0.04213945275913849,1,Tuesday,1
2022-04-17,1927,-0.0322052079013307,1,Sunday,6
2014-10-06,1924,-4.606819406199884e-05,2,Monday,0
2025-07-01,1923,-0.04566669349274914,1,Tuesday,1
2014-05-24,1921,-0.031014924890594025,1,Saturday,5
2025-01-23,1918,-0.030097018361181838,1,Thursday,3
2025-02-20,1907,0.0014191274655463663,2,Thursday,3
2014-05-30,1904,-0.036718241094598626,1,Friday,4
2021-11-17,1902,0.0003842692749568016,2,Wednesday,2
2024-02-03,1894,-0.007092070691872814,2,Saturday,5
2024-07-17,1888,-0.025778502040336354,1,Wednesday,2
2014-02-26,1880,0.03572637995259059,3,Wednesday,2
2014-02-25,1867,0.16714268775443555,4,Tuesday,1
2014-04-15,1865,0.2190216320900333,4,Tuesday,1
2014-09-11,1864,-0.0038862648820641443,2,Thursday,3
2014-07-01,1862,-0.14450415126123592,0,Tuesday,1
2014-09-25,1858,0.20892458268108513,4,Thursday,3
2021-11-03,1854,-0.015304953203699389,1,Wednesday,2
2022-05-10,1853,0.030026931989371876,3,Tuesday,1
2024-10-02,1849,-0.023225450989538474,1,Wednesday,2
2014-09-15,1849,-0.12428216543028206,0,Monday,0
2014-07-07,1849,0.1641930099510166,4,Monday,0
2014-09-05,1838,0.25514796150488084,4,Friday,4
2014-02-15,1836,-0.022714999555680102,1,Saturday,5
2014-01-21,1820,-0.01468529173685703,1,Tuesday,1
2014-08-14,1816,-0.1843610721100398,0,Thursday,3
2021-11-13,1805,0.01189833297992881,3,Saturday,5
2014-04-07,1803,-0.01051442030608756,1,Monday,0
2014-05-15,1800,0.0020596510973551856,2,Thursday,3
2014-09-17,1796,0.10649798860873574,4,Wednesday,2
2021-08-24,1790,-0.08976584323500149,0,Tuesday,1
2025-07-12,1789,-0.020470993031479666,1,Saturday,5
2014-09-23,1789,0.11568611480635292,4,Tuesday,1
2014-08-26,1782,-0.07764718706174727,0,Tuesday,1
2014-07-15,1774,-0.06424168192544788,0,Tuesday,1
2014-10-28,1773,-0.05940632032570157,0,Tuesday,1
2022-05-23,1773,-0.028486836248497373,1,Monday,0
2014-10-30,1769,-0.016083541951525043,1,Thursday,3
2014-04-17,1766,-0.05573474341192772,1,Thursday,3
2014-03-01,1760,-0.10181222196206971,0,Saturday,5
2014-10-23,1759,0.018944309541693953,3,Thursday,3
2021-10-07,1758,-0.03607859868515178,1,Thursday,3
2025-06-23,1758,0.08815707192710368,4,Monday,0
2021-12-02,1752,0.0011717887652423883,2,Thursday,3
2025-06-01,1749,0.005206296552700416,2,Sunday,6
2014-10-21,1745,0.11125413405577678,4,Tuesday,1
2015-12-18,1740,0.0062585067883414005,3,Friday,4
2014-07-09,1739,-0.04963810609462929,1,Wednesday,2
2022-05-25,1733,-0.0008468631309966688,2,Wednesday,2
2024-06-11,1730,-0.046836670196343966,1,Tuesday,1
2014-02-04,1722,0.16872211784190996,4,Tuesday,1
2014-07-25,1712,-0.03784513826394013,1,Friday,4
2014-02-09,1707,-0.017954119079748615,1,Sunday,6
2025-06-06,1705,0.04324060474999469,3,Friday,4
2014-08-19,1693,0.13016876948743197,4,Tuesday,1
2021-08-31,1692,0.024304165281610987,3,Tuesday,1
2022-05-07,1689,-0.002321479820817126,2,Saturday,5
2014-08-20,1688,-0.0009339850283459083,2,Wednesday,2
2014-09-19,1686,0.06039325334850443,3,Friday,4
2021-11-11,1685,0.022155863055168215,3,Thursday,3
2014-04-18,1683,0.08286978742955034,4,Friday,4
2014-07-08,1678,0.07951185455963752,4,Tuesday,1
2014-02-27,1674,-0.07262762103886497,0,Thursday,3
2014-04-10,1666,0.31931848781655353,4,Thursday,3
2022-04-27,1665,0.016040411827937563,3,Wednesday,2
2015-12-16,1664,-0.02238750188045104,1,Wednesday,2
2014-09-22,1662,0.05968835992168425,3,Monday,0
2014-09-30,1661,-0.0851648289567231,0,Tuesday,1
2015-12-09,1661,-0.03209251565173219,1,Wednesday,2
2022-03-24,1659,0.051446242576543774,3,Thursday,3
2014-09-16,1645,-0.06151956734912167,0,Tuesday,1
2021-08-29,1643,-0.01454320208517056,1,Sunday,6
2022-04-19,1635,0.017637100611186014,3,Tuesday,1
2014-08-21,1630,-0.04378902730542562,1,Thursday,3
2021-07-23,1628,0.010257259988425388,3,Friday,4
2015-11-09,1627,-0.09597868588294442,0,Monday,0
2014-08-25,1623,0.33545926041120133,4,Monday,0
2014-02-24,1623,-0.12396286070943703,0,Monday,0
2021-11-15,1620,-0.0244697556994621,1,Monday,0
2014-07-16,1613,0.0997763546989281,4,Wednesday,2
2014-10-20,1612,-0.006607585315482328,2,Monday,0
2025-03-23,1601,0.029694480218643973,3,Sunday,6
2016-02-02,1593,0.0008277860755801215,2,Tuesday,1
2014-08-22,1591,-0.043663190765300904,1,Friday,4
2015-12-15,1590,0.006396471948402692,3,Tuesday,1
2014-10-08,1590,0.0011806682215999276,2,Wednesday,2
2014-09-29,1589,0.01586728241983496,3,Monday,0
2014-10-09,1587,-0.07417221046862273,0,Thursday,3
2015-11-06,1584,0.02097129826599939,3,Friday,4
2014-10-01,1578,-0.09418320768088641,0,Wednesday,2
2022-01-10,1578,-0.04802209718591346,1,Monday,0
2022-04-03,1575,0.051534789678670465,3,Sunday,6
2025-03-14,1570,0.04165343850520993,3,Friday,4
2014-07-23,1570,-0.044649004603082486,1,Wednesday,2
2018-01-07,1565,-0.1092432920934212,0,Sunday,6
2014-04-04,1565,0.025568616661916375,3,Friday,4
2014-03-31,1564,0.06736553173953806,4,Monday,0
2024-04-20,1564,0.041927263835780736,3,Saturday,5
2022-01-16,1563,-0.039783980846144755,1,Sunday,6
2014-10-02,1561,-0.03017552701404584,1,Thursday,3
2015-12-28,1560,0.17095548279333633,4,Monday,0
2014-08-15,1556,0.1380510307415027,4,Friday,4
2014-07-17,1550,-0.047821381155970025,1,Thursday,3
2014-07-14,1548,-0.018747018234788315,1,Monday,0
2016-01-05,1548,0.037956660084819564,3,Tuesday,1
2014-04-01,1548,-0.11054658424146888,0,Tuesday,1
2021-07-22,1544,0.0003081980830708149,2,Thursday,3
2014-05-26,1536,-0.017505728305207656,1,Monday,0
2024-02-20,1534,-0.036105471226427224,1,Tuesday,1
2014-10-07,1532,-0.012688416036216886,1,Tuesday,1
2014-07-24,1530,-0.0012128175032767507,2,Thursday,3
2015-12-10,1524,0.09133856283941912,4,Thursday,3
2014-05-10,1524,-0.06288094508585487,0,Saturday,5
2014-10-10,1519,0.03588426812126911,3,Friday,4
2025-03-21,1518,-0.015076467100964898,1,Friday,4
2014-02-23,1515,-0.08623216159059505,0,Sunday,6
2014-05-25,1514,-0.05173221250271247,1,Sunday,6
2016-01-21,1513,0.027536489123860784,3,Thursday,3
2014-07-11,1513,0.008936923249120111,3,Friday,4
2014-08-13,1508,0.013073694530764072,3,Wednesday,2
2014-02-01,1502,-0.06649594424240819,0,Saturday,5
2014-03-19,1499,-0.03062190887088296,1,Wednesday,2
2014-07-30,1498,0.05627878588124123,3,Wednesday,2
2014-08-11,1497,0.04176313967462542,3,Monday,0
2014-08-12,1497,-0.02794852263596163,1,Tuesday,1
2015-12-30,1492,0.01548817538875067,3,Wednesday,2
2014-03-04,1490,-0.045416784582941634,1,Tuesday,1
2014-03-20,1490,-0.05879706407043716,1,Thursday,3
2015-11-10,1489,0.011841919771988441,3,Tuesday,1
2014-10-03,1487,-0.08333766875985506,0,Friday,4
2014-09-14,1484,-0.02216868948801006,1,Sunday,6
2021-06-12,1484,-0.012578562666410597,1,Saturday,5
2014-04-11,1484,-0.03783485829955021,1,Friday,4
2014-07-18,1482,-0.026119146801031758,1,Friday,4
2016-01-06,1482,-0.04370130406682421,1,Wednesday,2
2022-05-22,1478,0.021324980909146907,3,Sunday,6
2014-08-07,1477,-0.06525041204630895,0,Thursday,3
2022-02-24,1465,-0.03285990530364234,1,Thursday,3
2014-07-10,1459,0.011431154918636027,3,Thursday,3
2014-05-11,1455,-0.012696478500234872,1,Sunday,6
2014-08-06,1454,-0.003991680702869319,2,Wednesday,2
2014-10-24,1450,-0.007714675105708724,2,Friday,4
2014-03-18,1447,0.024903064512775765,3,Tuesday,1
2014-07-28,1444,0.028333814598618407,3,Monday,0
2025-05-20,1443,0.007782845124735785,3,Tuesday,1
2014-07-21,1442,-0.06619876863247703,0,Monday,0
2021-11-05,1439,-0.006835787458183452,2,Friday,4
2019-04-03,1435,0.11415136216064839,4,Wednesday,2
2015-11-24,1431,0.044677841263437185,3,Tuesday,1
2024-03-13,1427,0.005312943920250326,2,Wednesday,2
2016-02-01,1426,-0.00786224314758164,2,Monday,0
2021-07-18,1425,0.0033447556835700743,2,Sunday,6
2014-03-03,1417,0.03200369309617116,3,Monday,0
2022-05-26,1417,-0.05806626707528284,1,Thursday,3
2014-05-31,1417,0.24184530098188453,4,Saturday,5
2014-03-17,1416,-0.043747949780812936,1,Monday,0
2014-08-18,1415,0.08633874025341229,4,Monday,0
2014-03-11,1413,-0.04465946539496891,1,Tuesday,1
2025-07-06,1413,0.045838775083533775,3,Sunday,6
2014-03-10,1407,-0.09791171245983735,0,Monday,0
2024-07-27,1406,-0.01692033464621447,1,Saturday,5
2014-08-08,1406,-0.0025680992830104453,2,Friday,4
2014-07-03,1399,0.07341401889616965,4,Thursday,3
2025-06-25,1394,-0.006830621225049765,2,Wednesday,2
2014-02-28,1393,-0.009342932957265633,2,Friday,4
2016-01-20,1391,-0.03275235662086184,1,Wednesday,2
2014-03-12,1381,0.22252454090327511,4,Wednesday,2
2014-03-16,1378,-0.0381217371349894,1,Sunday,6
2014-03-05,1378,0.025677562496413883,3,Wednesday,2
2024-04-28,1370,-0.008797542089759386,2,Sunday,6
2014-02-10,1363,0.3548973607038124,4,Monday,0
2024-07-26,1356,0.07330534593502969,4,Friday,4
2015-12-31,1355,-0.10844254283380658,0,Thursday,3
2022-02-17,1351,-0.06830260064138446,0,Thursday,3
2015-11-30,1350,-0.01813804121477864,1,Monday,0
2019-04-02,1349,0.16176801015847575,4,Tuesday,1
2016-02-04,1342,0.03921631308984712,3,Thursday,3
2016-01-15,1337,0.048364628924044535,3,Friday,4
2016-02-16,1326,-0.03816268917309562,1,Tuesday,1
2016-01-18,1325,-0.009993793087238018,2,Monday,0
2022-04-14,1321,0.027193291376261315,3,Thursday,3
2014-04-14,1320,0.300587155642877,4,Monday,0
2014-04-02,1318,-0.07188214254672481,0,Wednesday,2
2015-11-25,1316,-0.002449285098311042,2,Wednesday,2
2014-07-31,1309,0.01163183589117026,3,Thursday,3
2014-03-30,1308,-0.05407334315058415,1,Sunday,6
2014-05-09,1307,0.0018365389803352598,2,Friday,4
2014-04-05,1299,-0.02811544158123116,1,Saturday,5
2014-03-07,1288,-0.07433202143860128,0,Friday,4
2022-04-23,1285,-0.01688427357640999,1,Saturday,5
2021-10-25,1284,-0.047737834727748035,1,Monday,0
2015-12-14,1282,0.05963288166329004,3,Monday,0
2024-06-28,1280,-0.03217976011307011,1,Friday,4
2014-03-13,1272,-0.04895591546573972,1,Thursday,3
2024-06-29,1268,-0.009679385307203078,2,Saturday,5
2021-11-08,1262,0.05881956733876566,3,Monday,0
2015-12-07,1262,0.131798034813793,4,Monday,0
2014-03-02,1259,0.10677344010677355,4,Sunday,6
2015-11-12,1259,0.017402498721343012,3,Thursday,3
2014-10-31,1257,-0.05539842415907609,1,Friday,4
2024-07-31,1246,-0.027072467359838693,1,Wednesday,2
2024-07-23,1236,-0.05428844817802449,1,Tuesday,1
2021-03-13,1236,0.12369933216630191,4,Saturday,5
2021-08-19,1232,0.02928794489288356,3,Thursday,3
2016-02-26,1231,-0.015471827694011517,1,Friday,4
2016-02-10,1228,-0.03255472860771022,1,Wednesday,2
2024-04-18,1227,0.0275228763470783,3,Thursday,3
2025-06-14,1223,-0.009551165938628618,2,Saturday,5
2022-05-06,1221,-0.00363192364933351,2,Friday,4
2014-03-22,1221,-0.013658780252588536,1,Saturday,5
2014-09-06,1219,-0.09730328048818296,0,Saturday,5
2016-02-25,1219,-0.023498553682081643,1,Thursday,3
2014-04-06,1218,-0.011834755400868107,1,Sunday,6
2025-06-18,1209,0.002603194575566481,2,Wednesday,2
2025-05-06,1208,0.009785078098152043,3,Tuesday,1
2016-03-29,1200,-0.09728037677109197,0,Tuesday,1
2025-01-15,1198,0.08580315780160899,4,Wednesday,2
2015-11-13,1198,-0.021440758359381057,1,Friday,4
2014-04-19,1197,-0.02405650227972522,1,Saturday,5
2015-12-29,1193,-0.0747046500929865,0,Tuesday,1
2025-07-02,1193,0.0718966336347212,4,Wednesday,2
2014-03-14,1192,-0.008764830177134506,2,Friday,4
2016-03-10,1191,-0.015924407152665833,1,Thursday,3
2018-02-18,1185,-0.0819965259847877,0,Sunday,6
2024-03-05,1185,-0.14636963753019328,0,Tuesday,1
2014-03-06,1184,-0.05710902462447912,1,Thursday,3
2024-12-29,1173,-0.02733335793392217,1,Sunday,6
2018-09-02,1171,-0.1993312625569045,0,Sunday,6
2025-05-19,1168,-0.02662778636204943,1,Monday,0
2016-04-14,1168,0.014251959309030853,3,Thursday,3
2024-07-24,1167,-0.0194293622291487,1,Wednesday,2
2021-03-02,1165,-0.008880443920055986,2,Tuesday,1
2024-07-16,1165,-0.001495955421010437,2,Tuesday,1
2025-03-30,1162,-0.018468025825582216,1,Sunday,6
2014-03-21,1160,-0.03747985103662942,1,Friday,4
2014-04-13,1155,0.17558270860154584,4,Sunday,6
2021-11-30,1154,-0.0011994912323953456,2,Tuesday,1
2021-09-26,1154,-0.02208570059254323,1,Sunday,6
2024-07-22,1152,-0.014779114387941468,1,Monday,0
2025-05-25,1151,-0.005174055670794934,2,Sunday,6
2014-08-01,1144,-0.014437946076002134,1,Friday,4
2015-12-17,1143,0.015551102428698674,3,Thursday,3
2014-04-22,1142,-0.011532221381643183,1,Tuesday,1
2014-04-12,1138,-0.08403401797153644,0,Saturday,5
2016-03-11,1132,-0.02198232283970141,1,Friday,4
2022-05-11,1127,-0.22153933667808381,0,Wednesday,2
2016-02-19,1126,-0.008743294397638445,2,Friday,4
2016-04-08,1125,0.002511774201685629,2,Friday,4
2016-02-05,1124,-0.0020575349414871957,2,Friday,4
2014-07-29,1124,-0.06437199407114443,0,Tuesday,1
2014-01-22,1123,-0.14413464260536998,0,Wednesday,2
2016-04-12,1121,0.026088277440593517,3,Tuesday,1
2024-07-25,1116,-0.022241401915952346,1,Thursday,3
2022-02-15,1115,0.03900572969523887,3,Tuesday,1
2018-01-12,1115,-0.03140272404953582,1,Friday,4
2017-12-21,1115,-0.20363452908198534,0,Thursday,3
2024-07-28,1114,-0.015691497128857132,1,Sunday,6
2016-03-07,1114,-0.03999500302493499,1,Monday,0
2018-01-10,1112,-0.1204877226450161,0,Wednesday,2
2018-09-10,1111,0.18123014501195747,4,Monday,0
2014-09-13,1106,0.2720018213271087,4,Saturday,5
2016-02-23,1105,-0.00841700225959996,2,Tuesday,1
2014-07-22,1104,0.025892423745255848,3,Tuesday,1
2016-03-30,1103,0.00570641140195391,2,Wednesday,2
2018-01-11,1102,0.13771976254327925,4,Thursday,3
2021-10-31,1099,0.04274802564767095,3,Sunday,6
2017-12-20,1090,0.13760550078498637,4,Wednesday,2
2016-04-11,1089,0.08360499693212471,4,Monday,0
2014-03-09,1089,0.039192425872326304,3,Sunday,6
2021-07-25,1081,0.0205797947631685,3,Sunday,6
2022-01-23,1078,0.06187241162711341,3,Sunday,6
2014-10-19,1077,-0.035564048482178236,1,Sunday,6
2018-02-14,1075,0.20571749743365908,4,Wednesday,2
2024-06-24,1073,-0.02393754539872397,1,Monday,0
2016-03-08,1073,0.02975205546317343,3,Tuesday,1
2014-01-24,1071,0.08590840674266448,4,Friday,4
2014-03-08,1070,-0.10127861500644704,0,Saturday,5
2013-12-19,1069,1.0814567069179266,4,Thursday,3
2018-01-25,1069,-0.05663937986995896,1,Thursday,3
2022-05-08,1066,-0.027926653580001792,1,Sunday,6
2016-01-04,1056,0.05064602098773013,3,Monday,0
2024-03-14,1056,0.04903656311149423,3,Thursday,3
2018-02-01,1055,-0.15450222096179203,0,Thursday,3
2021-08-04,1050,0.026184430433419656,3,Wednesday,2
2016-02-22,1048,-0.009456849424250367,2,Monday,0
2016-01-22,1047,0.04497165709195079,3,Friday,4
2016-03-02,1046,-0.00022066383520720777,2,Wednesday,2
2015-12-08,1045,0.02857223581887596,3,Tuesday,1
2018-09-11,1042,-0.083382691210318,0,Tuesday,1
2019-04-04,1041,0.15505610789265306,4,Thursday,3
2021-10-13,1038,0.02832489062266814,3,Wednesday,2
2024-03-19,1036,-0.10822184537791442,0,Tuesday,1
2018-01-26,1033,0.03263855000598938,3,Friday,4
2014-09-03,1028,0.15406627455605634,4,Wednesday,2
2021-09-10,1026,-0.04995220032174351,1,Friday,4
2021-10-06,1020,0.003403276153943109,2,Wednesday,2
2014-03-15,1019,-0.03643229535553004,1,Saturday,5
2021-11-10,1016,-0.0672138595303727,0,Wednesday,2
2014-09-28,1016,0.00042663111930364494,2,Sunday,6
2018-02-21,1016,-0.11929748281203928,0,Wednesday,2
2016-03-28,1016,0.19794470683576584,4,Monday,0
2015-11-11,1014,0.07048521091755419,4,Wednesday,2
2021-10-01,1014,0.08813476484378599,4,Friday,4
2016-02-24,1013,-0.0365807985838979,1,Wednesday,2
2016-04-13,1008,-0.021618849794932758,1,Wednesday,2
2016-03-31,1006,-0.039788220781365284,1,Thursday,3
2014-09-27,1001,0.043432944876854784,3,Saturday,5
2015-11-23,998,-0.005861440330830415,2,Monday,0
2013-12-27,997,-0.020978095427172317,1,Friday,4
2018-02-20,995,0.05574985070006817,3,Tuesday,1
2018-01-24,993,0.07568762172597525,4,Wednesday,2
2017-12-16,989,0.006900022137834279,3,Saturday,5
2018-02-19,987,0.036303650044688614,3,Monday,0
2025-05-05,982,-0.0003363574251314312,2,Monday,0
2016-04-07,974,0.012065935385651046,3,Thursday,3
2022-01-20,967,-0.04476247101914933,1,Thursday,3
2021-10-26,963,-0.03105534550459223,1,Tuesday,1
2016-01-28,962,-0.07402246239454377,0,Thursday,3
2022-01-22,955,-0.061163927923704314,0,Saturday,5
2018-02-07,952,-0.014454603217756145,1,Wednesday,2
2016-02-11,951,0.05258069707060999,3,Thursday,3
2017-12-04,950,0.04949422645961215,3,Monday,0
2025-06-29,949,0.03552332310949418,3,Sunday,6
2016-04-01,946,0.012025639171433221,3,Friday,4
2014-02-02,946,-0.05661844765904492,1,Sunday,6
2021-12-25,942,0.022989364186670767,3,Saturday,5
2018-02-03,942,0.14604752840892016,4,Saturday,5
2024-04-30,940,-0.07014027224099927,0,Tuesday,1
2014-07-12,939,-0.01858920436192391,1,Saturday,5
2014-01-23,938,0.08155138307876905,4,Thursday,3
2018-09-03,938,0.05152932436960682,3,Monday,0
2021-11-07,938,0.015534379625022557,3,Sunday,6
2021-10-16,929,0.014976551567025043,3,Saturday,5
2014-05-06,929,0.04898315799250595,3,Tuesday,1
2018-02-16,929,-0.04322214458916096,1,Friday,4
2018-09-17,929,-0.048725308601058934,1,Monday,0
2014-09-20,927,-0.024036782959257243,1,Saturday,5
2018-01-27,922,0.013234228984866848,3,Saturday,5
2017-12-18,922,-0.11296347293690208,0,Monday,0
2018-02-15,919,0.08984725689650779,4,Thursday,3
2018-07-17,919,0.13632697857841347,4,Tuesday,1
2014-05-04,917,-0.03843022299912557,1,Sunday,6
2017-12-10,916,0.03395552925201465,3,Sunday,6
2017-12-17,915,0.06997898784198217,4,Sunday,6
2013-12-23,915,1.1580610338888484,4,Monday,0
2018-02-04,914,-0.13233553270187154,0,Sunday,6
2017-12-19,910,0.21166651341537543,4,Tuesday,1
2014-09-21,908,0.030940870694332864,3,Sunday,6
2024-06-10,907,-0.013240917426732026,1,Monday,0
2013-12-20,906,-0.5571868888399005,0,Friday,4
2024-03-16,903,-0.13011999268427984,0,Saturday,5
2016-01-07,898,0.0382134637683152,3,Thursday,3
2021-04-03,898,-0.028967722781695595,1,Saturday,5
2015-12-24,897,-0.0070190825293323135,2,Thursday,3
2021-10-03,895,0.013245743522436928,3,Sunday,6
2018-01-31,894,-0.008720135008858758,2,Wednesday,2
2018-02-05,892,-0.21331562293848721,0,Monday,0
2017-12-31,891,-0.05059135827408382,1,Sunday,6
2025-06-27,884,0.00603758687875818,3,Friday,4
2014-07-19,883,-0.009428018626723782,2,Saturday,5
2022-01-04,881,-0.010887717147955727,1,Tuesday,1
2014-07-20,881,-0.018986181048801867,1,Sunday,6
2014-02-03,881,-0.1583377051637564,0,Monday,0
2018-01-22,881,-0.01582146514465539,1,Monday,0
2016-03-09,880,0.0776885024786329,4,Wednesday,2
2018-02-06,878,0.2476831760435229,4,Tuesday,1
2018-02-22,875,-0.0009606958918362324,2,Thursday,3
2018-01-13,867,-0.07122158965812699,0,Saturday,5
2018-01-18,867,-0.007127988478714415,2,Thursday,3
2016-02-17,866,-0.006579675788921723,2,Wednesday,2
2014-10-05,859,0.0690308262828803,4,Sunday,6
2014-04-25,858,-0.056283427773543705,1,Friday,4
2014-10-26,856,0.001481524294864313,2,Sunday,6
2014-07-06,854,-0.039573148362477245,1,Sunday,6
2017-12-28,854,0.13813891824341681,4,Thursday,3
2017-12-22,852,0.2255600036260381,4,Friday,4
2017-12-08,852,-0.053737636095506566,1,Friday,4
2018-01-23,852,0.05785254811754935,3,Tuesday,1
2015-12-19,851,-0.059906114572006904,0,Saturday,5
2018-02-13,851,0.024441783765934044,3,Tuesday,1
2018-02-17,850,0.005545662777759382,2,Saturday,5
2014-08-24,848,-0.08710676905863222,0,Sunday,6
2021-12-23,848,0.05803371815234683,3,Thursday,3
2024-03-31,846,0.10187839157331921,4,Sunday,6
2016-02-03,846,0.09833064138151602,4,Wednesday,2
2024-06-15,845,0.011913748307507984,3,Saturday,5
2015-12-11,844,-0.017823821344849087,1,Friday,4
2021-10-14,840,0.0009394341102717461,2,Thursday,3
2014-07-26,835,0.06534337179577963,3,Saturday,5
2014-08-10,834,-0.052316501789112534,1,Sunday,6
2018-01-17,827,0.036842278331789935,3,Wednesday,2
2024-12-04,823,0.04958003705791788,3,Wednesday,2
2021-09-17,822,-0.006772615444374883,2,Friday,4
2018-02-09,822,0.1040301413874358,4,Friday,4
2018-02-12,818,0.09244341536944946,4,Monday,0
2018-02-11,816,-0.0024945868284433053,2,Sunday,6
2024-08-16,816,0.0005700152348083296,2,Friday,4
2018-01-02,814,0.02748004496575847,3,Tuesday,1
2021-08-22,814,-0.008597788104768385,2,Sunday,6
2014-10-04,813,-0.06636946144432881,0,Saturday,5
2014-08-16,807,-0.07587341661138075,0,Saturday,5
2024-02-25,801,4.199265239273464e-05,2,Sunday,6
2018-07-18,800,0.14359155271390436,4,Wednesday,2
2017-12-13,799,0.10385313846484638,4,Wednesday,2
2018-08-30,798,0.22891307019158919,4,Thursday,3
2017-12-12,796,0.06651042758516744,4,Tuesday,1
2014-10-11,793,0.047145990669461416,3,Saturday,5
2018-01-19,792,0.08765716427683674,4,Friday,4
2017-12-11,791,0.16685886348842696,4,Monday,0
2013-12-22,782,-0.18595971563981045,0,Sunday,6
2024-02-26,781,0.037641135641020694,3,Monday,0
2021-09-19,781,-0.0305663326962346,1,Sunday,6
2025-06-28,779,0.01691046428243541,3,Saturday,5
2022-05-01,778,0.04132565354888422,3,Sunday,6
2021-06-20,778,-0.018372789344117513,1,Sunday,6
2018-02-08,777,0.058655498000559796,3,Thursday,3
2016-02-08,776,0.022363188635368625,3,Monday,0
2018-09-08,776,0.07618315684177292,4,Saturday,5
2018-01-09,774,-0.058874768161045934,1,Tuesday,1
2022-04-30,772,-0.05422922012237904,1,Saturday,5
2021-10-02,769,-0.015417306431210543,1,Saturday,5
2014-10-25,769,-0.0034648566071834273,2,Saturday,5
2014-08-02,768,-0.028591226214832354,1,Saturday,5
2019-04-01,767,0.18053116182311102,4,Monday,0
2021-07-30,764,-0.01142055764829232,1,Friday,4
2015-12-13,763,-0.007643736265317574,2,Sunday,6
2018-09-12,763,0.022202544393309674,3,Wednesday,2
2018-01-01,756,0.026867342059571038,3,Monday,0
2025-07-27,756,0.01998228082257175,3,Sunday,6
2014-07-13,752,-0.04531458598646456,1,Sunday,6
2018-02-23,749,0.07095346114451977,4,Friday,4
2017-12-05,747,0.033466622604796575,3,Tuesday,1
2024-07-30,745,-0.022526996622189075,1,Tuesday,1
2018-02-10,743,0.005841193544468126,2,Saturday,5
2025-07-03,743,0.018023582145166805,3,Thursday,3
2013-12-18,737,0.7744193255623736,4,Wednesday,2
2018-09-05,737,-0.05001215879071032,1,Wednesday,2
2018-09-09,736,0.026138369779735944,3,Sunday,6
2018-09-14,735,-0.0551760899508954,1,Friday,4
2016-03-22,734,0.003491529471651966,2,Tuesday,1
2017-12-06,733,0.08961778225903655,4,Wednesday,2
2017-12-02,732,0.020619353081423725,3,Saturday,5
2016-03-14,732,-0.020228614731728434,1,Monday,0
2015-11-01,731,0.026611897638185895,3,Sunday,6
2018-09-06,731,-0.0033429541472211935,2,Thursday,3
2018-01-21,729,-0.06183197863029187,0,Sunday,6
2024-08-19,725,0.01502667146484847,3,Monday,0
2017-12-07,725,-0.019268253331820088,1,Thursday,3
2014-08-27,724,-0.040297887071085364,1,Wednesday,2
2014-08-23,721,0.03152320577941274,3,Saturday,5
2018-01-20,721,-0.1724225111263449,0,Saturday,5
2018-02-24,719,-0.06261944128744044,0,Saturday,5
2016-01-03,717,-0.011437402204718098,1,Sunday,6
2018-03-01,716,0.02887570622697868,3,Thursday,3
2016-03-17,714,-0.0440699321323658,1,Thursday,3
2024-03-25,713,-0.009008790870398835,2,Monday,0
2025-01-31,712,-0.007934474009931858,2,Friday,4
2021-09-29,712,0.014988154431168446,3,Wednesday,2
2021-09-06,711,-0.01015139521016493,2,Monday,0
2016-02-09,711,0.006089579344476807,3,Tuesday,1
2016-04-15,710,-0.015526870454627457,1,Friday,4
2018-09-18,709,-0.04727960450047377,1,Tuesday,1
2022-03-27,708,0.06151883052269374,3,Sunday,6
2013-12-29,707,0.06757860152707373,4,Sunday,6
2014-01-19,704,0.3235090235448786,4,Sunday,6
2015-12-27,703,-0.09050650241635894,0,Sunday,6
2022-02-28,703,0.07747858590353002,4,Monday,0
2022-02-25,700,0.03177359302811279,3,Friday,4
2025-06-12,700,-0.05872604678574115,1,Thursday,3
2016-03-15,696,-0.012309313427124087,1,Tuesday,1
2022-01-21,694,-0.08428760276854823,0,Friday,4
2024-03-04,694,0.18563983524368616,4,Monday,0
2016-01-19,693,0.1161612070543044,4,Tuesday,1
2014-08-17,690,-0.14861053554589232,0,Sunday,6
2016-01-01,688,0.1564871518396076,4,Friday,4
2018-03-06,688,-0.10906650931171447,0,Tuesday,1
2018-02-27,687,-0.009436677333585412,2,Tuesday,1
2017-12-15,683,0.5738759028522663,4,Friday,4
2018-04-05,683,0.025820376573669514,3,Thursday,3
2016-03-16,681,-0.026181220667382755,1,Wednesday,2
2016-03-21,679,0.0012703317149135133,2,Monday,0
2018-02-25,679,-0.011693769238614763,1,Sunday,6
2018-09-04,679,-0.0065615967888063235,2,Tuesday,1
2016-03-18,678,0.0302826259899914,3,Friday,4
2021-12-05,677,-0.04258013755555414,1,Sunday,6
2025-06-22,676,-0.012622184360132977,1,Sunday,6
2016-01-02,675,-0.04055863894631468,1,Saturday,5
2015-12-12,673,-0.012749529965157217,1,Saturday,5
2024-03-17,672,0.08514102961199521,4,Sunday,6
2022-01-11,670,0.07219032220138435,4,Tuesday,1
2017-12-01,670,0.008643429657157226,3,Friday,4
2013-12-21,670,-0.07485093526559898,0,Saturday,5
2022-03-31,666,-0.0386332643201041,1,Thursday,3
2016-03-23,665,-0.003457356011471342,2,Wednesday,2
2017-12-09,659,-0.0207642424632001,1,Saturday,5
2016-03-24,656,0.00356228424560347,2,Thursday,3
2018-09-07,656,0.057939819687786234,3,Friday,4
2017-12-14,653,0.001509874391516119,2,Thursday,3
2024-02-19,649,0.049122428642799185,3,Monday,0
2018-07-16,649,0.1910590113795833,4,Monday,0
2018-02-26,649,0.029220415341074984,3,Monday,0
2018-02-28,647,-0.056433718566224096,1,Wednesday,2
2021-08-25,646,0.012337523493563714,3,Wednesday,2
2024-05-13,646,0.05143554981000756,3,Monday,0
2014-08-28,646,-0.03153341170026635,1,Thursday,3
2022-01-19,643,-0.017629858102435864,1,Wednesday,2
2021-08-12,642,-0.0025439540124236634,2,Thursday,3
2024-12-15,641,0.02367974060116826,3,Sunday,6
2024-10-08,638,-0.016297254727298625,1,Tuesday,1
2018-01-08,637,-0.09121748357840134,0,Monday,0
2024-12-25,635,-0.008432467391705256,2,Wednesday,2
2024-08-28,635,0.006071766995594608,3,Wednesday,2
2018-07-19,633,0.03393269112707452,3,Thursday,3
2018-03-03,626,-0.054024307899359116,1,Saturday,5
2016-03-25,626,-0.0059385153344627215,2,Friday,4
2014-01-18,624,0.3656076439893119,4,Saturday,5
2020-02-08,624,0.1367535442343959,4,Saturday,5
2014-09-01,623,-0.005014017841138637,2,Monday,0
2018-09-13,621,0.015649537134936664,3,Thursday,3
2025-02-26,616,-0.04143405091883559,1,Wednesday,2
2018-03-20,615,0.04509504116933853,3,Tuesday,1
2025-06-19,614,0.0031767938713359203,2,Thursday,3
2025-07-08,613,0.0185948416946273,3,Tuesday,1
2018-04-19,612,0.08150741066128851,4,Thursday,3
2022-01-12,611,0.051052833818398174,3,Wednesday,2
2015-11-26,610,0.0015538198166495346,2,Thursday,3
2018-04-23,608,-0.0020366861011681197,2,Monday,0
2018-03-16,607,0.012744656993931973,3,Friday,4
2018-04-21,603,-0.05935792504585035,0,Saturday,5
2016-01-31,602,-0.0025765268556096474,2,Sunday,6
2021-12-20,597,-0.008543776723148554,2,Monday,0
2018-03-12,597,-0.03278152800924441,1,Monday,0
2018-03-21,596,-0.0004983491195908006,2,Wednesday,2
2018-05-08,595,0.07778827279778823,4,Tuesday,1
2018-04-20,594,-0.013582210208528369,1,Friday,4
2018-03-19,592,0.10252025684050997,4,Monday,0
2018-04-18,590,0.14642652581689763,4,Wednesday,2
2024-05-06,590,-0.02696618853209727,1,Monday,0
2018-03-26,589,-0.05561896423645169,1,Monday,0
2014-01-02,589,-0.09872473422457458,0,Thursday,3
2024-03-26,588,0.04265238829931357,3,Tuesday,1
2014-08-31,588,-0.0226477649366355,1,Sunday,6
2018-03-08,587,0.0005910339271174511,2,Thursday,3
2017-12-03,586,0.11715586272999379,4,Sunday,6
2022-03-02,586,-0.008064749950023552,2,Wednesday,2
2022-02-18,586,-0.0004829705247104453,2,Friday,4
2019-04-05,585,-0.018610320827643446,1,Friday,4
2014-07-27,583,-0.06294917673785737,0,Sunday,6
2018-04-24,582,0.054904064602944176,3,Tuesday,1
2018-09-19,579,-0.05726222023111494,1,Wednesday,2
2021-12-21,579,0.02149907230331337,3,Tuesday,1
2015-11-27,578,-0.016113676127986337,1,Friday,4
2018-03-25,575,-0.005718392207495761,2,Sunday,6
2014-01-25,571,-0.022718612806140674,1,Saturday,5
2025-03-01,571,0.021147081943035568,3,Saturday,5
2018-03-15,570,-0.0022719723068573895,2,Thursday,3
2021-11-25,568,0.015243066402257048,3,Thursday,3
2021-07-24,568,0.02393280505498109,3,Saturday,5
2018-04-12,567,0.1347122037621069,4,Thursday,3
2018-03-28,567,0.0015896624393291871,2,Wednesday,2
2018-01-05,566,0.14624867127173002,4,Friday,4
2024-05-18,566,-0.017258339124092227,1,Saturday,5
2016-01-23,565,0.10205918440757024,4,Saturday,5
2015-11-14,563,-0.034694514011936795,1,Saturday,5
2018-03-13,563,-0.02560020028482727,1,Tuesday,1
2013-12-17,563,0.22721564241713124,4,Tuesday,1
2024-08-22,561,-0.006909249514769102,2,Thursday,3
2018-03-30,558,-0.021462948151478173,1,Friday,4
2018-05-02,556,0.03360501795429447,3,Wednesday,2
2018-04-02,556,0.03718767213288951,3,Monday,0
2018-04-22,556,0.025613444831898084,3,Sunday,6
2018-03-02,553,-0.09152567558320306,0,Friday,4
2014-01-03,552,-0.10435308113854687,0,Friday,4
2018-04-01,552,-0.03537072188627217,1,Sunday,6
2018-03-27,552,-0.0451200354201197,1,Tuesday,1
2018-05-09,551,-0.03161959775908514,1,Wednesday,2
2018-03-18,549,-0.04848229415733565,1,Sunday,6
2013-12-28,549,-0.22734066363240352,0,Saturday,5
2021-08-27,547,0.0757726458093889,4,Friday,4
2017-12-30,547,0.14631345396380763,4,Saturday,5
2018-04-04,547,-0.10058042953121275,0,Wednesday,2
2018-03-22,546,-0.02932539961607593,1,Thursday,3
2018-03-14,545,-0.09681496595014522,0,Wednesday,2
2013-12-16,542,-0.2710457734714334,0,Monday,0
2022-04-21,539,-0.03125545723636496,1,Thursday,3
2018-04-03,539,0.07592048404868845,4,Tuesday,1
2018-04-25,538,-0.13167098177761755,0,Wednesday,2
2013-12-30,537,-0.0006328033415659387,2,Monday,0
2018-04-06,536,-0.03236595619373836,1,Friday,4
2018-03-29,536,-0.10213342091591682,0,Thursday,3
2018-05-01,535,-0.03543030871176834,1,Tuesday,1
2018-04-07,533,0.043785746724596376,3,Saturday,5
2022-03-19,533,0.034087254685217484,3,Saturday,5
2016-02-15,533,-0.023227529952455667,1,Monday,0
2022-01-05,532,-0.05092940457117861,1,Wednesday,2
2024-05-02,531,0.01566066437367751,3,Thursday,3
2018-03-23,531,-0.0048358886613549855,2,Friday,4
2018-04-16,531,0.005246647122526872,2,Monday,0
2024-11-02,530,0.0001347760488605089,2,Saturday,5
2016-01-16,529,-0.02201542094920475,1,Saturday,5
2018-03-24,529,-0.015527826212505947,1,Saturday,5
2017-12-23,529,0.1910112667985535,4,Saturday,5
2016-02-18,528,0.07037678767325187,4,Thursday,3
2018-03-17,528,-0.0707826673911883,0,Saturday,5
2021-09-03,527,-0.0005637631440697592,2,Friday,4
2018-04-26,526,0.09501172242256037,4,Thursday,3
2020-03-03,525,0.018255878212159616,3,Tuesday,1
2013-12-24,523,-0.18270352145725555,0,Tuesday,1
2024-06-14,519,-0.04283022194699284,1,Friday,4
2024-12-18,519,-0.09000536646087572,0,Wednesday,2
2022-02-26,519,-0.001642606876524992,2,Saturday,5
2024-10-10,518,-0.018417709323199517,1,Thursday,3
2016-01-12,518,-0.016379257724949494,1,Tuesday,1
2015-12-01,517,0.014997551572195941,3,Tuesday,1
2022-01-02,514,0.005439548892185163,2,Sunday,6
2022-04-09,514,0.013520068786328816,3,Saturday,5
2014-05-05,513,-0.014773066622262873,1,Monday,0
2024-08-18,512,-0.02539148327357095,1,Sunday,6
2021-11-14,512,0.007743011598400208,3,Sunday,6
2021-08-05,511,-0.005173961564085251,2,Thursday,3
2018-03-11,510,0.04386235034352727,3,Sunday,6
2016-02-06,504,-0.05153633141880895,1,Saturday,5
2022-02-19,503,0.01815122857103438,3,Saturday,5
2018-05-06,501,-0.03745641454111675,1,Sunday,6
2018-09-16,501,0.0546308873443338,3,Sunday,6
2014-09-02,499,0.06353721796109592,3,Tuesday,1
2016-02-07,497,-0.0010052772614704288,2,Sunday,6
2024-05-08,497,-0.044950034892594845,1,Wednesday,2
2018-10-15,497,0.027078603582535003,3,Monday,0
2018-10-27,497,0.04572218857350142,3,Saturday,5
2014-08-29,497,0.04396285608530289,3,Friday,4
2018-04-27,496,-0.02410743041562071,1,Friday,4
2018-05-11,493,-0.0604125694138136,0,Friday,4
2024-05-07,490,-0.040124413289204734,1,Tuesday,1
2018-05-07,490,-0.03148011207786174,1,Monday,0
2022-05-03,489,-0.009804954975811927,2,Tuesday,1
2016-02-14,487,-0.0037899489784895307,2,Sunday,6
2018-01-16,486,0.11663587647138617,4,Tuesday,1
2018-05-05,485,-0.015674676748489796,1,Saturday,5
2025-07-05,484,0.008818966560768303,3,Saturday,5
2017-11-29,481,-0.008108230371556417,2,Wednesday,2
2018-07-20,479,-0.1018915582802705,0,Friday,4
2024-07-18,479,-0.019313040171750777,1,Thursday,3
2018-05-10,478,-0.05537204000812252,1,Thursday,3
2015-11-28,475,0.010881106468236245,3,Saturday,5
2018-10-26,474,0.07535798464557845,4,Friday,4
2018-03-31,474,0.01890999397702691,3,Saturday,5
2018-05-03,473,0.026444806567630832,3,Thursday,3
2024-12-26,472,-0.06743482062674692,0,Thursday,3
2018-07-21,472,-0.04706409941812394,1,Saturday,5
2018-12-18,472,0.013058988805989838,3,Tuesday,1
2018-04-28,470,0.007224289620620698,3,Saturday,5
2015-11-29,470,-0.02768087523359167,1,Sunday,6
2018-06-05,466,0.03330099290467137,3,Tuesday,1
2013-12-25,465,-0.042287227184032064,1,Wednesday,2
2018-09-15,465,0.006867098819100654,3,Saturday,5
2014-08-30,464,-0.00904942965746615,2,Saturday,5
2021-04-17,463,-0.238001857459715,0,Saturday,5
2018-04-15,462,0.10620933000796097,4,Sunday,6
2018-04-29,462,-0.005872003313122062,2,Sunday,6
2018-04-17,461,0.022814615528015426,3,Tuesday,1
2025-03-13,460,-0.043424953006031775,1,Thursday,3
2022-03-25,459,-0.03900786981792428,1,Friday,4
2018-10-17,458,-0.08289602018961736,0,Wednesday,2
2018-05-04,457,-0.03402590108417523,1,Friday,4
2016-01-08,457,0.14931719669088728,4,Friday,4
2018-07-03,456,-0.03252114396611246,1,Tuesday,1
2019-04-30,453,0.030247894086871223,3,Tuesday,1
2024-12-21,453,0.009555549042982728,3,Saturday,5
2016-01-13,450,-0.024014846758296418,1,Wednesday,2
2018-10-19,448,0.021587926095925986,3,Friday,4
2016-02-12,448,-0.02031113203611959,1,Friday,4
2018-05-21,448,-0.033700911972443764,1,Monday,0
2022-04-07,447,0.01877827803588205,3,Thursday,3
2018-09-26,446,0.0010748297080603862,2,Wednesday,2
2024-05-15,441,0.0707462409108976,4,Wednesday,2
2018-05-12,439,-0.09939425248832023,0,Saturday,5
2018-04-30,438,-0.020714677711195187,1,Monday,0
2019-03-20,436,-0.004115285946650734,2,Wednesday,2
2016-03-13,436,-0.03112336355818319,1,Sunday,6
2018-08-14,436,-0.04315000647615058,1,Tuesday,1
2015-11-07,436,-0.059843537037531765,0,Saturday,5
2022-03-29,435,0.012934436295839591,3,Tuesday,1
2018-05-24,435,0.009437621493744105,3,Thursday,3
2017-11-30,435,0.02434245017936663,3,Thursday,3
2017-11-28,434,-0.11876373071074114,0,Tuesday,1
2018-10-24,434,-0.06454957319214286,0,Wednesday,2
2024-07-11,433,-0.011826568462140379,1,Thursday,3
2018-05-22,433,-0.07740786513548081,0,Tuesday,1
2018-09-21,431,0.0003174331157413445,2,Friday,4
2013-12-31,431,-0.020223808016180855,1,Tuesday,1
2016-04-10,431,0.04261673419139892,3,Sunday,6
2022-01-07,426,-0.03254480850786545,1,Friday,4
2018-06-27,425,-0.021712855634463398,1,Wednesday,2
2018-10-10,421,-0.008088163967795423,2,Wednesday,2
2018-12-19,421,0.06084649809203842,3,Wednesday,2
2016-02-20,421,-0.016931664619637375,1,Saturday,5
2018-09-20,420,0.01480993228713115,3,Thursday,3
2018-05-25,419,0.009347801413787528,3,Friday,4
2024-08-20,419,0.014455252890479784,3,Tuesday,1
2024-04-17,418,-0.051453058545211164,1,Wednesday,2
2018-08-06,417,-0.022451540741608433,1,Monday,0
2021-12-24,417,0.021704080486508407,3,Friday,4
2024-07-20,414,0.0723326115279552,4,Saturday,5
2015-11-22,414,0.018733574850507424,3,Sunday,6
2018-09-24,414,-0.04463824565852295,1,Monday,0
2018-07-06,413,0.005683211380944079,2,Friday,4
2014-01-09,413,-0.01250160895868188,1,Thursday,3
2018-08-29,411,-0.0076531995907917205,2,Wednesday,2
2014-01-11,411,-0.002815766081613086,2,Saturday,5
2016-02-13,411,0.0113917310191019,3,Saturday,5
2018-10-12,411,0.043270413271921,3,Friday,4
2018-07-31,410,-0.07898862483742607,0,Tuesday,1
2016-03-12,410,0.03427622131229902,3,Saturday,5
2015-12-05,409,-0.025941085058605307,1,Saturday,5
2018-06-06,407,0.023013356416956607,3,Wednesday,2
2018-06-13,406,-0.09270369983826539,0,Wednesday,2
2018-05-23,406,-0.10146331254473676,0,Wednesday,2
2018-01-03,405,0.052787425286866356,3,Wednesday,2
2021-09-27,403,-0.026301437108332115,1,Monday,0
2018-07-08,403,-0.008698565209036143,2,Sunday,6
2015-12-06,403,-0.0004124409871484347,2,Sunday,6
2018-07-30,402,-0.005782685301236013,2,Monday,0
2018-06-29,401,0.04933497388425646,3,Friday,4
2018-06-04,401,-0.04112462091918309,1,Monday,0
2019-04-18,400,0.06363876591479539,3,Thursday,3
2018-05-31,400,-0.0016859029615261401,2,Thursday,3
2018-06-07,400,0.0026056437858583315,2,Thursday,3
2016-02-21,399,-0.013555588545488098,1,Sunday,6
2018-08-20,396,-0.046906417088158917,1,Monday,0
2022-04-06,396,-0.16699415953828572,0,Wednesday,2
2018-08-24,396,0.014546140898520535,3,Friday,4
2018-07-07,396,0.017914788516100115,3,Saturday,5
2014-01-10,395,0.47554378818737264,4,Friday,4
2018-08-01,393,0.011849285612752378,3,Wednesday,2
2018-10-25,390,-0.05314112312678445,1,Thursday,3
2016-02-27,390,-0.0045737679075576595,2,Saturday,5
2022-02-20,390,-0.029658638937728226,1,Sunday,6
2018-08-10,389,-0.05043800298269928,1,Friday,4
2022-03-04,388,-0.05525182549364574,1,Friday,4
2022-05-05,387,-0.05468953666610281,1,Thursday,3
2018-10-30,387,-0.009713279102825384,2,Tuesday,1
2018-09-25,387,0.011245323447309167,3,Tuesday,1
2024-05-04,386,0.09569034002087032,4,Saturday,5
2018-08-03,386,-0.011019586834777717,1,Friday,4
2022-05-02,386,-0.014188627614919933,1,Monday,0
2018-05-20,385,0.020058754602786645,3,Sunday,6
2020-04-26,385,0.09648591265452294,4,Sunday,6
2018-08-13,383,-0.027741171175424073,1,Monday,0
2018-08-02,383,-0.01843967357852852,1,Thursday,3
2016-01-11,383,0.034314356037018975,3,Monday,0
2018-07-01,382,-0.0014140446361953429,2,Sunday,6
2018-06-26,381,-0.010422053911268821,1,Tuesday,1
2018-08-19,381,0.029106695888141746,3,Sunday,6
2018-10-14,381,-0.0024379679519293453,2,Sunday,6
2024-11-30,381,-0.009383136969585202,2,Saturday,5
2014-01-06,380,-0.08908587432697733,0,Monday,0
2018-06-14,379,0.053082506031279064,3,Thursday,3
2018-08-22,379,-0.04306191961198879,1,Wednesday,2
2018-07-10,379,-0.06745902885700777,0,Tuesday,1
2018-12-17,378,0.19568802802950722,4,Monday,0
2022-03-21,378,0.0006874011251500416,2,Monday,0
2022-01-18,376,-0.03551486496982979,1,Tuesday,1
2018-05-29,376,0.07025402189830328,4,Tuesday,1
2018-06-20,375,0.004543238719660297,2,Wednesday,2
2018-08-11,375,-0.010581993689953053,1,Saturday,5
2022-03-20,374,-0.03482986251888272,1,Sunday,6
2018-06-28,374,-0.05481403568325497,1,Thursday,3
2018-10-29,373,-0.050198211549746956,1,Monday,0
2018-08-08,373,-0.08939726425334435,0,Wednesday,2
2016-01-17,372,-0.020885393826295045,1,Sunday,6
2017-11-27,371,0.19903665239774848,4,Monday,0
2018-09-23,371,0.023784472473099116,3,Sunday,6
2018-10-20,370,0.015823498974664393,3,Saturday,5
2014-01-01,370,-0.18478326568377196,0,Wednesday,2
2018-07-05,369,-0.02390517524594117,1,Thursday,3
2018-07-04,369,0.0019389998595204126,2,Wednesday,2
2016-03-06,366,0.044768257973365026,3,Sunday,6
2018-08-25,366,-0.006288638018846763,2,Saturday,5
2018-08-07,365,-0.03604253256366861,1,Tuesday,1
2018-10-23,365,-0.058115512069484856,1,Tuesday,1
2018-06-11,364,0.023331441096370302,3,Monday,0
2014-01-04,364,-0.04073889589537597,1,Saturday,5
2022-02-22,364,0.024990423298635184,3,Tuesday,1
2019-03-15,363,0.007417072396503264,3,Friday,4
2018-07-02,363,0.08596220633006751,4,Monday,0
2018-05-17,362,-0.06925927785244647,0,Thursday,3
2018-05-30,362,-0.017995437086416006,1,Wednesday,2
2019-03-28,361,0.001466456225878596,2,Thursday,3
2018-12-20,361,-0.013777975619240544,1,Thursday,3
2018-08-09,360,0.051374522208111145,3,Thursday,3
2018-10-18,360,-0.05101683949792126,1,Thursday,3
2018-05-28,360,-0.04593872066160317,1,Monday,0
2024-12-17,359,-0.021449719519774015,1,Tuesday,1
2022-01-08,358,-0.025247197387864528,1,Saturday,5
2018-07-11,357,0.010745823870426623,3,Wednesday,2
2018-06-15,357,-0.0262050807657907,1,Friday,4
2018-10-16,356,-0.0478103064491819,1,Tuesday,1
2018-11-01,356,-0.006906465638830489,2,Thursday,3
2018-05-26,352,-0.019850142027940526,1,Saturday,5
2014-01-07,351,-0.09742104190427454,0,Tuesday,1
2018-07-29,351,-0.03179570324829765,1,Sunday,6
2018-06-08,351,-0.01091881500551903,1,Friday,4
2019-04-17,350,-0.017531873006945572,1,Wednesday,2
2018-06-03,349,0.03356703827839221,3,Sunday,6
2018-07-13,349,-0.01509825208356336,1,Friday,4
2018-12-04,349,0.018882010506528792,3,Tuesday,1
2018-09-27,349,0.0234187437955842,3,Thursday,3
2020-03-04,348,0.021644908638190463,3,Wednesday,2
2016-01-14,347,-0.1839064418087525,0,Thursday,3
2014-01-05,347,-0.06772507816556744,0,Sunday,6
2014-01-08,347,0.1944727384544423,4,Wednesday,2
2018-07-09,347,-0.012706361649358294,1,Monday,0
2022-03-30,347,-0.007145380846426024,2,Wednesday,2
2018-11-15,347,0.03015716300814354,3,Thursday,3
2016-04-02,346,-0.019568839685525117,1,Saturday,5
2024-12-12,343,-0.01891455948157876,1,Thursday,3
2018-06-16,341,0.008978044909849561,3,Saturday,5
2018-10-22,339,-0.017659456357845178,1,Monday,0
2014-04-26,339,-0.05354775061870694,1,Saturday,5
2019-03-27,339,0.012246382494845148,3,Wednesday,2
2022-03-15,338,-0.00963243099440963,2,Tuesday,1
2024-06-08,338,-0.01481917799236216,1,Saturday,5
2018-06-25,338,0.0026397945416118535,2,Monday,0
2018-06-30,336,0.045445828380999996,3,Saturday,5
2024-11-21,336,0.022912270475660468,3,Thursday,3
2018-07-12,336,-0.044606826258804334,1,Thursday,3
2018-09-28,336,-0.001999670276965022,2,Friday,4
2018-07-14,334,0.021025983494844087,3,Saturday,5
2018-10-21,334,-0.01248103472610663,1,Sunday,6
2018-12-07,333,0.015170715076454108,3,Friday,4
2019-04-23,333,-0.009811434165357966,2,Tuesday,1
2024-06-20,333,0.017900682698793288,3,Thursday,3
2016-01-09,332,-0.021313829224805375,1,Saturday,5
2019-04-06,332,-0.05081597062584212,1,Saturday,5
2021-11-12,330,-0.00784307997850511,2,Friday,4
2019-04-16,330,0.01811569274424072,3,Tuesday,1
2018-09-22,329,0.019554491502269847,3,Saturday,5
2018-08-12,329,0.007029185688825613,3,Sunday,6
2018-06-10,328,-0.12447242973819465,0,Sunday,6
2018-08-05,328,0.006158483031187328,3,Sunday,6
2018-05-27,327,-0.02997900020289372,1,Sunday,6
2018-06-01,327,0.012558543602595782,3,Friday,4
2018-06-24,326,-0.07597714900937898,0,Sunday,6
2018-06-02,326,0.039852488021594086,3,Saturday,5
2015-11-02,326,0.06388922072155508,3,Monday,0
2019-04-22,325,0.016098630379589262,3,Monday,0
2018-08-04,325,-0.04515119865086317,1,Saturday,5
2022-01-09,325,-0.005337839246708762,2,Sunday,6
2018-12-06,324,-0.050390776468257896,1,Thursday,3
2018-11-08,324,-0.07124879428850706,0,Thursday,3
2025-07-07,324,-0.023176184654564475,1,Monday,0
2019-03-14,323,0.0006887025878264619,2,Thursday,3
2018-11-02,322,0.0033140134699405316,2,Friday,4
2018-06-09,321,-0.02216427747365855,1,Saturday,5
2018-11-09,321,-0.07069712712279085,0,Friday,4
2018-07-15,320,0.023997450065653618,3,Sunday,6
2018-12-14,320,-0.000982983566901272,2,Friday,4
2018-10-31,319,-0.020604007919515846,1,Wednesday,2
2019-04-24,319,-0.06966309848055495,0,Wednesday,2
2022-03-16,318,0.03701358376658298,3,Wednesday,2
2021-11-16,318,-0.07447902440648846,0,Tuesday,1
2021-12-04,316,-0.11067667435741348,0,Saturday,5
2019-04-20,316,0.005752569615009159,2,Saturday,5
2019-04-19,313,-0.024353934523658347,1,Friday,4
2019-04-11,311,-0.07133120482044518,0,Thursday,3
2018-12-21,311,-0.06758244348862032,0,Friday,4
2024-04-03,308,-0.037969815573249625,1,Wednesday,2
2024-09-05,308,0.0037581960342883496,2,Thursday,3
2017-11-11,305,-0.11268670243776727,0,Saturday,5
2017-11-03,304,-0.021962826496349654,1,Friday,4
2019-04-15,304,-0.03302070356906637,1,Monday,0
2017-11-26,304,-0.002307039411088208,2,Sunday,6
2019-03-29,303,0.013370198239710009,3,Friday,4
2022-05-28,302,0.009117174649425266,3,Saturday,5
2018-12-03,302,-0.02834106223326724,1,Monday,0
2021-11-19,301,0.05674558731581495,3,Friday,4
2020-02-12,301,-0.0005638679335492965,2,Wednesday,2
2019-04-25,300,-0.044046127812747075,1,Thursday,3
2018-10-13,299,-0.007537048649181323,2,Saturday,5
2017-11-16,299,-0.04314475180735658,1,Thursday,3
2020-04-27,298,0.028293677956606443,3,Monday,0
2016-03-27,296,-0.0031637972546868934,2,Sunday,6
2018-08-23,296,0.030845549088372205,3,Thursday,3
2018-09-29,295,0.0018023850938028866,2,Saturday,5
2017-11-17,295,0.042773121620888796,3,Friday,4
2024-11-25,294,-0.08624558871826027,0,Monday,0
2020-03-12,293,-0.32304249135782437,0,Thursday,3
2018-11-14,293,-0.07174034440901654,0,Wednesday,2
2018-11-03,293,-0.008878348857611386,2,Saturday,5
2020-02-18,292,0.04526538370185883,3,Tuesday,1
2016-03-20,291,0.008491052430037187,3,Sunday,6
2024-07-08,290,0.033549534996336436,3,Monday,0
2024-07-04,290,-0.11524514711040218,0,Thursday,3
2016-03-19,290,-0.03466932209659823,1,Saturday,5
2022-03-01,289,0.007713069917510698,3,Tuesday,1
2018-12-02,289,-0.011279426123548217,1,Sunday,6
2016-01-10,288,0.014090046534874726,3,Sunday,6
2024-12-09,286,-0.11247845068200306,0,Monday,0
2013-12-15,286,-0.4643649691468495,0,Sunday,6
2018-11-19,285,-0.08172217711543171,0,Monday,0
2018-12-27,285,-0.03519088570966009,1,Thursday,3
2022-03-17,284,-0.0036744262579023602,2,Thursday,3
2022-01-26,284,0.0013947985443789257,2,Wednesday,2
2024-08-29,284,0.008624340640726244,3,Thursday,3
2018-11-27,283,-0.01601081473156725,1,Tuesday,1
2021-09-01,283,0.051595728315522504,3,Wednesday,2
2021-08-02,283,-0.01419378984014922,1,Monday,0
2019-03-11,283,-0.02636678779902297,1,Monday,0
2018-12-28,281,0.03427203473288512,3,Friday,4
2018-11-16,281,-0.019407815012571588,1,Friday,4
2018-10-28,281,-0.0173818328812586,1,Sunday,6
2024-12-06,280,0.015292547645167175,3,Friday,4
2021-12-19,280,-0.014421661796375834,1,Sunday,6
2019-03-21,280,-0.007795529305584659,2,Thursday,3
2019-04-29,278,-0.020243810657892318,1,Monday,0
2014-02-11,277,0.16607815369773724,4,Tuesday,1
2020-01-18,277,0.0293570554882006,3,Saturday,5
2019-03-22,276,-0.00762565285016428,2,Friday,4
2019-03-18,273,0.003671081877543862,2,Monday,0
2017-11-10,272,0.014786866512382802,3,Friday,4
2025-07-04,270,-0.05287264792946611,1,Friday,4
2024-06-09,270,0.004575380552169021,2,Sunday,6
2019-03-06,269,7.247119200323078e-05,2,Wednesday,2
2019-04-14,269,0.010846395487634292,3,Sunday,6
2014-02-14,268,-0.09521541753769648,0,Friday,4
2021-12-06,268,0.040354298617676275,3,Monday,0
2019-03-13,268,0.0018665191822888792,2,Wednesday,2
2024-03-10,267,-0.056457352548864276,1,Sunday,6
2017-11-12,267,0.12614982219365684,4,Sunday,6
2017-11-18,267,0.01260044732121832,3,Saturday,5
2020-04-07,263,0.0025684492051364386,2,Tuesday,1
2019-04-26,263,0.02929926789231158,3,Friday,4
2019-03-12,262,0.032552445849168075,3,Tuesday,1
2018-01-30,260,-0.1328701762836279,0,Tuesday,1
2025-07-11,260,0.03667998223967175,3,Friday,4
2021-12-01,260,-0.025565016858077803,1,Wednesday,2
2021-12-13,259,-0.07177569410422267,0,Monday,0
2020-01-17,259,0.038989281671024806,3,Friday,4
2018-12-26,257,0.014312677045499229,3,Wednesday,2
2016-03-26,256,0.01081880273680447,3,Saturday,5
2017-11-15,256,0.03426513184815918,3,Wednesday,2
2020-01-04,256,0.06855530425568072,4,Saturday,5
2018-12-25,255,-0.056711348941012964,1,Tuesday,1
2019-03-23,254,0.0011014695046430456,2,Saturday,5
2017-11-04,253,0.03681344822391107,3,Saturday,5
2018-10-11,253,-0.09699236740962978,0,Thursday,3
2020-02-04,253,0.015189127328246349,3,Tuesday,1
2019-04-28,253,-0.006577403470788563,2,Sunday,6
2017-11-01,252,0.0796756902583915,4,Wednesday,2
2020-02-06,252,0.03149340491851104,3,Thursday,3
2018-11-22,252,-0.029324765348318037,1,Thursday,3
2019-03-25,252,-0.007905760712213454,2,Monday,0
2019-04-27,251,-0.004104240414735876,2,Saturday,5
2014-09-24,251,0.06484984572833329,3,Wednesday,2
2024-12-07,249,0.04248399426494337,3,Saturday,5
2018-11-23,248,0.0024183135431599108,2,Friday,4
2017-11-13,248,0.005207219619575824,2,Monday,0
2020-04-01,246,0.029182730226739447,3,Wednesday,2
2019-04-21,246,-0.04793945158885017,1,Sunday,6
2018-11-30,246,-0.018542979681924986,1,Friday,4
2022-02-23,246,-0.026947453954789813,1,Wednesday,2
2022-01-29,246,0.010665493090832374,3,Saturday,5
2018-11-12,245,-0.03125149837525606,1,Monday,0
2016-08-25,244,0.010419977267901488,3,Thursday,3
2018-11-28,244,0.08105272394739099,4,Wednesday,2
2021-12-28,243,-0.07129456611114457,0,Tuesday,1
2018-12-16,243,0.01704547696879282,3,Sunday,6
2016-08-28,242,-0.016755123595313514,1,Sunday,6
2016-05-27,241,-0.014603924731716907,1,Friday,4
2020-01-09,241,0.05533876791263538,3,Thursday,3
2014-01-28,240,0.03474845930860773,3,Tuesday,1
2019-03-30,238,-0.006543441996934243,2,Saturday,5
2021-12-31,238,-0.0060981915798541475,2,Friday,4
2017-11-14,238,0.10167215496501125,4,Tuesday,1
2020-03-05,236,0.0058080177348010615,2,Thursday,3
2020-02-27,235,0.000884982321384807,2,Thursday,3
2019-03-26,235,0.013223334723349595,3,Tuesday,1
2024-06-03,234,0.007661251457244609,3,Monday,0
2020-02-17,234,-0.04147283490099374,1,Monday,0
2018-12-01,233,0.02780285498736341,3,Saturday,5
2024-11-26,233,-0.018029261144153905,1,Tuesday,1
2018-11-20,231,-0.06854685867107381,0,Tuesday,1
2018-12-22,230,-0.0020535757140524944,2,Saturday,5
2021-12-16,230,-0.04098672723077838,1,Thursday,3
2024-02-05,230,-0.0007794910557679673,2,Monday,0
2017-11-08,230,0.15072659216654352,4,Wednesday,2
2016-05-07,229,-0.005935511568679246,2,Saturday,5
2022-04-08,229,-0.02448596931526692,1,Friday,4
2018-11-11,228,-0.04213512940499728,1,Sunday,6
2018-11-29,228,-0.012051272520256923,1,Thursday,3
2021-03-10,228,-0.028855298676866727,1,Wednesday,2
2016-05-13,228,-0.0066538890331932785,2,Friday,4
2018-12-24,227,0.006711995681956324,3,Monday,0
2019-03-31,227,-0.005776955574658438,2,Sunday,6
2021-12-07,227,-0.006279673541390271,2,Tuesday,1
2018-11-21,227,0.0913472308396983,4,Wednesday,2
2017-11-06,226,0.020859489788217472,3,Monday,0
2017-11-07,226,0.01415367477175309,3,Tuesday,1
2016-08-09,225,-0.004206394887782581,2,Tuesday,1
2022-03-14,225,0.01853069603765212,3,Monday,0
2016-05-06,225,0.00637488168771602,3,Friday,4
2020-01-25,223,-0.01209102470032344,1,Saturday,5
2016-08-29,223,0.023738213879803644,3,Monday,0
2016-04-19,223,0.018620426801058083,3,Tuesday,1
2017-11-02,223,-0.012785733106064814,1,Thursday,3
2024-08-27,223,-0.05978973963676746,0,Tuesday,1
2018-12-23,222,0.005777194038228106,2,Sunday,6
2016-04-22,222,-0.008170229488712587,2,Friday,4
2018-12-31,221,0.0009704713436793261,2,Monday,0
2020-02-24,221,-0.03189931393136023,1,Monday,0
2020-01-29,221,-0.022604909046745857,1,Wednesday,2
2020-04-29,220,0.10046121463299428,4,Wednesday,2
2021-07-31,220,0.033250271203760826,3,Saturday,5
2020-04-30,219,-0.045211023417675245,1,Thursday,3
2022-02-16,219,-0.017014059127636233,1,Wednesday,2
2022-02-07,218,0.07651409015548866,4,Monday,0
2016-04-21,217,-0.0069001016713859656,2,Thursday,3
2018-11-17,217,-0.05572946539954529,1,Saturday,5
2016-05-16,217,-0.014854960564628067,1,Monday,0
2018-11-18,216,0.00680619869039028,3,Sunday,6
2020-01-19,216,-0.03593565918305068,1,Sunday,6
2020-01-28,216,0.03357076695182553,3,Tuesday,1
2016-05-17,215,0.00358739567582221,2,Tuesday,1
2017-11-05,215,-0.013015717249225027,1,Sunday,6
2022-03-13,215,-0.028719719671403743,1,Sunday,6
2016-04-29,214,-0.011109555313353883,1,Friday,4
2020-02-21,214,0.007717663239021418,3,Friday,4
2020-02-19,213,-0.06534519484661588,0,Wednesday,2
2020-01-14,213,0.0850706598725061,4,Tuesday,1
2024-05-03,213,0.10403858560753874,4,Friday,4
2016-08-07,212,-0.1064554941575247,0,Sunday,6
2020-03-13,212,0.15895844611510068,4,Friday,4
2020-03-06,212,0.0036442113572538277,2,Friday,4
2016-07-10,212,-0.013250489863028549,1,Sunday,6
2016-04-20,212,0.005570868604781873,2,Wednesday,2
2019-03-01,212,0.014841255274130988,3,Friday,4
2016-06-19,211,-0.040071337971230685,1,Sunday,6
2018-11-13,210,-0.036465249625838796,1,Tuesday,1
2020-02-16,210,-0.04086525795491534,1,Sunday,6
2020-03-10,210,0.003487630230154232,2,Tuesday,1
2019-03-16,210,0.01189795721147119,3,Saturday,5
2018-11-26,210,-0.05455179680579529,1,Monday,0
2018-12-29,210,-0.02706209827683016,1,Saturday,5
2019-03-24,209,0.008057674372491826,3,Sunday,6
2016-05-05,208,0.0010692602076377987,2,Thursday,3
2016-04-23,208,0.022272770855818264,3,Saturday,5
2021-06-17,208,0.0012621004291170582,2,Thursday,3
2018-12-08,208,-0.01213203112626753,1,Saturday,5
2020-04-11,207,0.02005972093823174,3,Saturday,5
2016-05-19,206,0.00865491159914613,3,Thursday,3
2020-01-20,206,-0.007094300768951587,2,Monday,0
2016-06-24,206,0.01256936591386807,3,Friday,4
2016-05-20,206,-0.0017445047425607802,2,Friday,4
2024-07-06,206,0.07108811429609616,4,Saturday,5
2020-02-26,206,-0.06432132055503532,0,Wednesday,2
2016-05-30,205,-0.007872850242493058,2,Monday,0
2022-01-28,205,0.0005465568786522165,2,Friday,4
2016-07-12,205,-0.021534906635714158,1,Tuesday,1
2016-04-24,204,0.010813011937100044,3,Sunday,6
2016-04-26,204,-0.037657332628498734,1,Tuesday,1
2016-05-21,204,-0.01482814495330427,1,Saturday,5
2020-01-26,204,0.027321085498686348,3,Sunday,6
2024-09-23,204,0.017887805997069458,3,Monday,0
2016-06-09,204,-0.015533852817778653,1,Thursday,3
2020-04-14,204,0.003682991954041088,2,Tuesday,1
2020-01-13,203,-0.050779329424024966,1,Monday,0
2020-02-01,203,0.007737900398607979,3,Saturday,5
2020-03-30,203,0.05032325554260999,3,Monday,0
2025-01-30,203,0.020912725181869696,3,Thursday,3
2016-06-10,203,-0.034197889542473305,1,Friday,4
2020-03-09,202,0.010262988660309811,3,Monday,0
2016-05-15,202,-0.0143138666725374,1,Sunday,6
2016-08-11,201,-0.0013274763523478295,2,Thursday,3
2020-03-08,200,-0.10404234956810489,0,Sunday,6
2024-10-07,200,-0.022820077751024556,1,Monday,0
2016-07-09,200,0.0002616268025405091,2,Saturday,5
2022-03-18,200,0.024897023145983764,3,Friday,4
2016-04-27,200,0.017293290949085115,3,Wednesday,2
2016-06-28,200,-0.013146424989958019,1,Tuesday,1
2016-08-05,200,0.06421429936175022,3,Friday,4
2020-02-02,200,0.026421385714709398,3,Sunday,6
2016-07-31,199,-0.03547328686683204,1,Sunday,6
2016-07-01,199,0.008082224630419141,3,Friday,4
2016-06-01,199,-0.010913674206797947,1,Wednesday,2
2016-08-17,199,-0.014889602655831507,1,Wednesday,2
2016-05-18,199,-0.007279571572458825,2,Wednesday,2
2024-06-05,199,0.012164624717058058,3,Wednesday,2
2024-05-17,199,0.03981216833057745,3,Friday,4
2020-02-03,198,-0.011694224844712931,1,Monday,0
2016-06-12,197,0.12319401540817285,4,Sunday,6
2016-04-17,197,-0.03013763762751304,1,Sunday,6
2024-06-23,197,-0.013701768916530794,1,Sunday,6
2016-08-16,197,-0.04903569885156677,1,Tuesday,1
2020-02-25,197,-0.04254040695116143,1,Tuesday,1
2016-08-24,196,-0.009356095253883591,2,Wednesday,2
2016-08-14,196,-0.0419494441857308,1,Sunday,6
2020-01-15,196,0.02815102255533858,3,Wednesday,2
2016-06-05,196,-0.009476013071953213,2,Sunday,6
2020-01-23,196,-0.05372844700812813,1,Thursday,3
2016-06-21,196,-0.16099916590987196,0,Tuesday,1
2024-12-27,195,-0.002439856887063651,2,Friday,4
2016-08-30,195,0.007048450305618196,3,Tuesday,1
2016-05-02,195,-0.0112316878201464,1,Monday,0
2024-12-05,195,-0.0006990251129177723,2,Thursday,3
2016-07-22,194,0.0033396140561781818,2,Friday,4
2016-05-28,194,0.015160448450408082,3,Saturday,5
2021-06-15,194,-0.01952030238809901,1,Tuesday,1
2016-04-18,194,0.006455424812578971,3,Monday,0
2016-07-24,194,-0.0033248524985326424,2,Sunday,6
2018-11-25,193,-0.006812086394616996,2,Sunday,6
2020-04-28,193,-0.026812820892627133,1,Tuesday,1
2021-12-15,192,-0.05015289643647907,1,Wednesday,2
2016-07-29,192,-0.006432728161750615,2,Friday,4
2016-08-18,192,-0.04653927859941489,1,Thursday,3
2020-03-01,191,-0.0004198512631107698,2,Sunday,6
2020-01-31,191,-0.018521228791280243,1,Friday,4
2024-10-27,191,0.0496650222005262,3,Sunday,6
2016-06-06,191,0.025050610071537773,3,Monday,0
2016-07-11,191,-0.002787837242697543,2,Monday,0
2016-05-22,190,0.00011705145390445825,2,Sunday,6
2021-12-17,190,-0.026030677833776085,1,Friday,4
2016-05-04,190,-0.015259072641772804,1,Wednesday,2
2016-07-15,190,0.006162249270286032,3,Friday,4
2024-09-01,189,-0.057975947534974794,1,Sunday,6
2016-07-28,189,-0.004508698558415109,2,Thursday,3
2016-05-25,188,0.02492961444624433,3,Wednesday,2
2020-01-21,188,-0.007514850033310635,2,Tuesday,1
2016-07-27,188,0.018355716508020554,3,Wednesday,2
2020-01-24,187,0.014484157348762367,3,Friday,4
2016-05-26,187,-0.023128495692897322,1,Thursday,3
2019-03-02,187,0.007091380217506307,3,Saturday,5
2016-06-22,186,0.1168352385020189,4,Wednesday,2
2016-05-03,186,-0.002914486940971593,2,Tuesday,1
2020-04-17,186,-0.011491356768678983,1,Friday,4
2020-02-20,186,-0.00711390445363017,2,Thursday,3
2020-04-02,185,0.0156233278538838,3,Thursday,3
2024-07-19,185,0.05015442948504745,3,Friday,4
2016-08-31,185,-0.021158890838182457,1,Wednesday,2
2020-02-23,185,0.02555832952229748,3,Sunday,6
2016-06-11,185,0.04042520554338045,3,Saturday,5
2016-07-30,185,-0.018564025542097636,1,Saturday,5
2016-07-02,185,-0.06587100015834169,0,Saturday,5
2016-06-07,184,0.02632609427819285,3,Tuesday,1
2016-07-07,184,-0.00423550529200351,2,Thursday,3
2020-04-23,184,0.02190842860209168,3,Thursday,3
2024-12-19,183,-0.11728707529937575,0,Thursday,3
2016-06-29,183,0.007274832115020139,3,Wednesday,2
2016-06-08,183,0.07412055517388863,4,Wednesday,2
2018-11-24,183,-0.05814364336763417,1,Saturday,5
2016-07-14,183,0.0028405784393772528,2,Thursday,3
2016-06-23,183,-0.013042412104724094,1,Thursday,3
2020-01-03,182,0.020156359547287304,3,Friday,4
2016-08-08,182,0.011801605942467996,3,Monday,0
2016-07-26,182,-0.028622673207918555,1,Tuesday,1
2016-05-01,181,0.01659458269338923,3,Sunday,6
2016-08-04,181,0.012744496791924445,3,Thursday,3
2016-08-10,181,0.007073679039474513,3,Wednesday,2
2016-08-12,181,-0.01663694431928636,1,Friday,4
2016-07-25,181,-0.015142775234217242,1,Monday,0
2016-07-16,181,-0.008976856998134192,2,Saturday,5
2016-06-04,180,-0.009963074925959556,2,Saturday,5
2016-07-03,180,0.017173315455166944,3,Sunday,6
2016-05-31,180,0.025786823805088142,3,Tuesday,1
2022-04-04,179,0.016273256905080656,3,Monday,0
2016-08-01,179,-0.09668602687293472,0,Monday,0
2016-06-02,178,0.03356810080904825,3,Thursday,3
2016-05-29,178,0.03260550156931576,3,Sunday,6
2016-08-02,177,0.07611214395533353,4,Tuesday,1
2020-01-12,177,0.02114823231750551,3,Sunday,6
2016-08-15,177,0.0864304719633726,4,Monday,0
2016-08-19,177,0.016089954753560037,3,Friday,4
2016-04-25,177,0.010540261021600949,3,Monday,0
2016-04-28,176,0.006518073624905748,3,Thursday,3
2016-06-20,176,-0.04441898711832282,1,Monday,0
2016-05-24,175,-0.00873285847820052,2,Tuesday,1
2016-06-30,175,0.01014728444405216,3,Thursday,3
2016-07-06,174,-0.02045855000974036,1,Wednesday,2
2016-07-04,174,-0.014318928109081454,1,Monday,0
2020-03-25,174,-0.019696861319601522,1,Wednesday,2
2016-04-30,173,-0.008325815991711841,2,Saturday,5
2016-06-25,173,-0.0046373670664160115,2,Saturday,5
2024-06-25,172,0.05854165507466441,3,Tuesday,1
2014-10-27,172,0.025320817427321365,3,Monday,0
2020-03-02,172,0.056002762929093904,3,Monday,0
2020-02-29,171,-0.02787453826904509,1,Saturday,5
2021-12-14,171,0.21244317374839694,4,Tuesday,1
2020-01-27,170,0.025735240093906684,3,Monday,0
2020-03-23,170,0.048738640326086755,3,Monday,0
2016-08-13,169,0.05269881182960996,3,Saturday,5
2020-03-07,169,-0.024528241013822616,1,Saturday,5
2020-01-30,168,0.017516958183517457,3,Thursday,3
2016-05-23,168,0.001608063277713081,2,Monday,0
2022-02-10,166,-0.04601938751194447,1,Thursday,3
2020-01-16,166,-0.026389057098695334,1,Thursday,3
2020-03-26,166,0.012784483859278778,3,Thursday,3
2020-04-15,166,-0.01074451628795825,1,Wednesday,2
2016-04-16,166,-0.009368498459851661,2,Saturday,5
2020-04-10,164,-0.03376038696115099,1,Friday,4
2019-03-10,164,-0.005521822758814922,2,Sunday,6
2018-01-14,164,-0.13905180064863915,0,Sunday,6
2024-02-24,164,0.01941166933823556,3,Saturday,5
2016-06-26,163,0.01985755315931705,3,Sunday,6
2014-05-08,162,0.04246645708801071,3,Thursday,3
2020-03-29,162,-0.03722297578593075,1,Sunday,6
2021-12-22,162,0.010355416724305098,3,Wednesday,2
2016-07-05,162,-0.005441883989360843,2,Tuesday,1
2020-03-24,161,0.03011771488146106,3,Tuesday,1
2024-06-16,161,0.0020051739951487024,2,Sunday,6
2021-12-08,161,0.011162700017722836,3,Wednesday,2
2020-04-16,161,0.03968581921401213,3,Thursday,3
2014-01-26,161,-0.0806403309016732,0,Sunday,6
2016-07-08,160,-0.012031611041979601,1,Friday,4
2018-08-15,160,0.021508463523111983,3,Wednesday,2
2020-04-18,159,0.030658268870935885,3,Saturday,5
2020-04-04,158,0.013235882878494467,3,Saturday,5
2016-06-27,157,0.03386130994893516,3,Monday,0
2021-12-11,157,0.02169387436822877,3,Saturday,5
2020-04-06,156,0.07316931358638287,4,Monday,0
2021-03-06,156,0.019232214807707787,3,Saturday,5
2020-03-14,155,-0.037116337809203176,1,Saturday,5
2020-03-22,155,-0.027426692377075526,1,Sunday,6
2024-04-01,154,-0.06576223657887727,0,Monday,0
2020-03-27,154,-0.039975002615591,1,Friday,4
2024-10-09,154,0.007710454386995458,3,Wednesday,2
2024-05-19,149,-0.02570225864346382,1,Sunday,6
2016-08-20,148,-0.00486655514965029,2,Saturday,5
2020-04-13,148,-0.008115512767880965,2,Monday,0
2020-04-12,146,-0.009508714168438459,2,Sunday,6
2020-04-09,143,0.0050887870384041375,2,Thursday,3
2024-11-05,142,0.0759549306531951,4,Tuesday,1
2021-12-09,142,-0.04709712465989944,1,Thursday,3
2018-08-16,141,0.004158946912353578,2,Thursday,3
2022-01-27,141,-0.014151376585345881,1,Thursday,3
2018-06-12,141,-0.04048924563862161,1,Tuesday,1
2020-04-03,138,-0.022263621575475533,1,Friday,4
2024-10-05,138,0.00243557916707126,2,Saturday,5
2022-05-31,137,-0.021350143604811984,1,Tuesday,1
2020-02-22,137,-0.016360654353364295,1,Saturday,5
2024-09-19,135,0.015180555006876461,3,Thursday,3
2021-09-11,135,0.004253025020897138,2,Saturday,5
2020-02-05,133,0.04163760121607999,3,Wednesday,2
2019-03-17,131,-0.00031118213651168994,2,Sunday,6
2020-04-08,130,0.006495480537772259,3,Wednesday,2
2022-02-06,130,0.04493182397913802,3,Sunday,6
2024-12-10,128,-0.049870204616654965,1,Tuesday,1
2022-05-29,127,0.01636468498680226,3,Sunday,6
2021-08-01,126,-0.02949252719317564,1,Sunday,6
2020-03-28,126,0.0014629284492660181,2,Saturday,5
2024-06-13,125,-0.03488164781387493,1,Thursday,3
2020-04-05,125,-0.007204846550486274,2,Sunday,6
2018-10-08,125,0.004620556233268258,2,Monday,0
2024-03-09,124,0.08913145624508362,4,Saturday,5
2024-05-12,123,-0.011566953382362287,1,Sunday,6
2015-11-08,120,0.0064786355399990125,3,Sunday,6
2024-02-10,120,-0.0022497099613036785,2,Saturday,5
2022-05-24,120,-0.001575258986184248,2,Tuesday,1
2015-11-04,119,0.033142431399308676,3,Wednesday,2
2024-12-11,118,0.05217511027378342,3,Wednesday,2
2022-02-11,117,-0.04636412396979618,1,Friday,4
2021-09-30,117,0.02539120376309865,3,Thursday,3
2022-02-08,115,-0.0428738361029879,1,Tuesday,1
2024-05-05,112,0.005750951046834298,2,Sunday,6
2021-12-12,111,0.005881307717853099,2,Sunday,6
2014-02-13,110,-0.08080205117709599,0,Thursday,3
2024-05-09,110,0.05981151766501414,3,Thursday,3
2024-12-08,110,0.027077592767177753,3,Sunday,6
2022-02-27,109,-0.03160597576674899,1,Sunday,6
2021-11-29,108,0.03713537971459258,3,Monday,0
2021-12-10,106,-0.0314655439243305,1,Friday,4
2024-08-17,105,0.023593640200384694,3,Saturday,5
2014-01-29,105,0.062143515584490355,3,Wednesday,2
2024-04-04,105,0.024153148533241357,3,Thursday,3
2022-01-15,105,0.00765006464017829,3,Saturday,5
2022-05-30,104,0.052558048458317956,3,Monday,0
2024-02-18,100,0.018931417666993345,3,Sunday,6
2024-07-12,100,0.008790752847583247,3,Friday,4
2021-10-30,96,-0.07103529269322312,0,Saturday,5
2022-03-28,91,-0.012261222387356354,1,Monday,0
2024-08-31,91,-0.008861421986877385,2,Saturday,5
2024-08-23,88,0.07120602555017483,4,Friday,4
2017-11-09,88,-0.16387488915496623,0,Thursday,3
2024-03-11,88,0.0759489983065919,4,Monday,0
2022-01-17,86,-0.034838703942673334,1,Monday,0
2018-10-07,84,0.0020682317512401988,2,Sunday,6
2024-03-08,83,0.04483910562076328,3,Friday,4
2021-03-12,82,-0.014996461039771055,1,Friday,4
2018-12-30,82,0.0049362651063863845,2,Sunday,6
2024-09-30,80,-0.08549188260694364,0,Monday,0
2024-02-21,79,-0.017457035834720434,1,Wednesday,2
2024-04-19,78,0.026873803188654975,3,Friday,4
2021-12-30,78,0.02001037347977992,3,Thursday,3
2024-10-24,78,0.01589312254211504,3,Thursday,3
2024-03-27,77,0.03908655577755855,3,Wednesday,2
2021-12-18,77,0.01671564522246635,3,Saturday,5
2024-10-12,76,0.005671589349137046,2,Saturday,5
2024-06-07,76,-0.07405357103770896,0,Friday,4
2024-10-29,76,0.09401451879226971,4,Tuesday,1
2024-04-10,75,0.056550783758436064,3,Wednesday,2
2022-02-12,73,-0.0037222998275296187,2,Saturday,5
2024-09-21,73,0.04532417945289901,3,Saturday,5
2024-10-06,70,0.017135181686360905,3,Sunday,6
2022-04-02,69,-0.016090669702829,1,Saturday,5
2024-10-26,69,0.05299217224503557,3,Saturday,5
2022-02-21,69,-0.06362606787232063,0,Monday,0
2022-01-24,68,-0.026846458576078182,1,Monday,0
2018-08-18,66,-0.03702008442118061,1,Saturday,5
2014-01-31,63,-0.012899611057181862,1,Friday,4
2018-08-17,62,0.07757171080975257,4,Friday,4
2025-03-22,61,0.0012374151164023426,2,Saturday,5
2024-10-22,59,-0.029042081187864832,1,Tuesday,1
2015-12-02,59,-0.015418382279625635,1,Wednesday,2
2024-06-18,59,-0.05226089955848517,1,Tuesday,1
2022-03-23,58,0.05870605424097538,3,Wednesday,2
2024-09-16,57,-0.03191665025131398,1,Monday,0
2022-03-05,57,0.022577064390042485,3,Saturday,5
2024-09-04,57,0.013478950787982507,3,Wednesday,2
2024-02-08,56,-0.002353789072777926,2,Thursday,3
2022-05-19,56,0.036751305642302924,3,Thursday,3
2024-12-16,55,-0.012042420338533675,1,Monday,0
2024-10-17,55,0.026589389791014627,3,Thursday,3
2024-10-03,55,0.003592574897798358,2,Thursday,3
2014-05-07,55,-0.01371319707861481,1,Wednesday,2
2024-11-01,54,-0.014346844554201812,1,Friday,4
2021-11-04,53,-0.022540949347897014,1,Thursday,3
2024-04-12,51,-0.0994716950300995,0,Friday,4
2024-02-07,51,0.020466604972510072,3,Wednesday,2
2024-10-25,50,-0.0816309000906325,0,Friday,4
2024-10-04,48,0.040525475268737565,3,Friday,4
2015-12-04,47,0.019500608376057663,3,Friday,4
2021-08-20,47,0.04221244424372303,3,Friday,4
2019-03-19,46,-0.002771236287220085,2,Tuesday,1
2014-01-27,46,-0.17521204671173934,0,Monday,0
2024-07-07,45,-0.08250153908553494,0,Sunday,6
2024-04-11,45,-0.027544753427790652,1,Thursday,3
2022-02-14,43,-0.019476226518522627,1,Monday,0
2024-05-24,41,0.024578635130997863,3,Friday,4
2024-08-25,39,-0.026979789512436306,1,Sunday,6
2024-04-14,39,0.05607034445604229,3,Sunday,6
2024-05-01,38,-0.024075906187443787,1,Wednesday,2
2022-01-03,38,-0.023621204627892262,1,Monday,0
2024-08-03,37,-0.02638818827908567,1,Saturday,5
2024-05-11,36,-0.008637432104480295,2,Saturday,5
2024-04-13,36,-0.11974284149882061,0,Saturday,5
2022-01-14,36,0.06326785650668197,3,Friday,4
2014-01-30,34,0.04073634606909185,3,Thursday,3
2024-10-28,33,0.11652816569032302,4,Monday,0
2024-08-24,33,-0.001677634110999892,2,Saturday,5
2024-09-12,31,0.013543633898313786,3,Thursday,3
2024-11-24,31,0.0006354046293844904,2,Sunday,6
2024-04-07,31,0.07434483204858683,4,Sunday,6
2024-05-22,31,-0.027308228857279137,1,Wednesday,2
2024-04-08,30,0.01618679921388119,3,Monday,0
2022-03-26,30,0.03851579924731153,3,Saturday,5
2018-08-21,30,0.025827012573421727,3,Tuesday,1
2024-09-06,29,-0.05971239062278873,0,Friday,4
2024-11-03,28,-0.0460832452702362,1,Sunday,6
2024-08-26,28,-0.04014146393271234,1,Monday,0
2024-09-02,26,0.038388291303757184,3,Monday,0
2024-09-22,25,-0.03488470289678497,1,Sunday,6
2024-04-06,22,0.04307038183554427,3,Saturday,5
2024-05-25,22,0.05722175243406848,3,Saturday,5
2018-01-15,19,-0.3301678228675702,0,Monday,0
2024-08-10,19,0.011624252197687337,3,Saturday,5
2024-08-21,19,0.029291491692575968,3,Wednesday,2
2024-08-12,18,0.07036434872083945,4,Monday,0
2014-04-20,18,-0.025189477068682537,1,Sunday,6
2024-03-21,18,0.028427155956795968,3,Thursday,3
2024-03-15,18,-0.07940006539201806,0,Friday,4
2024-08-02,18,-0.0679648586235361,0,Friday,4
2024-03-06,17,0.01599855103356566,3,Wednesday,2
2022-03-22,17,0.026255657709831143,3,Tuesday,1
2024-11-29,17,0.05899215132745246,3,Friday,4
2024-09-29,17,-0.03164271414725884,1,Sunday,6
2024-10-31,17,-0.0403884162697411,1,Thursday,3
2024-12-14,17,-0.02399305756472507,1,Saturday,5
2024-08-14,16,-0.037004480452701986,1,Wednesday,2
2024-09-28,15,0.040490412100731774,3,Saturday,5
2024-07-14,15,0.031089505415479998,3,Sunday,6
2024-05-20,15,0.10856849783346549,4,Monday,0
2024-09-07,14,0.0293753611692398,3,Saturday,5
2024-04-29,14,-0.02185461594163839,1,Monday,0
2024-09-03,13,-0.02425018045615985,1,Tuesday,1
2021-11-18,13,-0.07197430452364965,0,Thursday,3
2022-04-01,12,0.02468356948080269,3,Friday,4
2024-08-01,12,-0.02258798138807445,1,Thursday,3
2024-10-11,12,0.04536948872213822,3,Friday,4
2024-06-26,12,-0.027779593520569256,1,Wednesday,2
2022-03-03,10,-0.02540060644187681,1,Thursday,3
2018-10-09,10,0.003133850566933156,2,Tuesday,1
2024-09-25,10,-0.011534675924169086,1,Wednesday,2
2024-02-09,9,0.021116956040694784,3,Friday,4
2024-07-15,9,0.08271306886923614,4,Monday,0
2024-10-20,9,-0.020862756550818227,1,Sunday,6
2024-09-18,9,0.02319431659842547,3,Wednesday,2
2024-07-29,8,-0.012581887779473024,1,Monday,0
2024-02-01,8,0.007449101333668096,3,Thursday,3
2024-05-10,7,-0.052805761265094196,1,Friday,4
2024-09-27,7,0.04805637831249162,3,Friday,4
2020-02-07,7,0.04207551061728266,3,Friday,4
2025-06-11,6,-0.02439186739543838,1,Wednesday,2
2021-08-21,6,-0.0315116677030532,1,Saturday,5
2024-02-06,6,0.0033463673429937374,2,Tuesday,1
2021-11-20,6,0.0017137156661596632,2,Saturday,5
2020-03-31,4,0.0010114109318304255,2,Tuesday,1
2024-07-09,4,0.00010046064187206616,2,Tuesday,1
2024-02-04,4,-0.005894308431220525,2,Sunday,6
2024-07-13,3,0.04247258312392362,3,Saturday,5
2024-06-04,3,0.021005981896512562,3,Tuesday,1
2024-05-16,3,-0.038525319779624374,1,Thursday,3
2024-06-06,1,-0.020427335575786396,1,Thursday,3
